타이틀 번호,요일,제목,링크
758037,월요일,참교육,https://shared-comic.pstatic.net/thumb/webtoon/758037/thumbnail/thumbnail_IMAG10_a2297504-4912-4c7e-a5a8-524d6fc77103.jpg
183559,월요일,신의 탑,https://shared-comic.pstatic.net/thumb/webtoon/183559/thumbnail/thumbnail_IMAG10_9a752bec-9ebd-4214-9449-28cf4defc650.jpg
648419,월요일,뷰티풀 군바리,https://shared-comic.pstatic.net/thumb/webtoon/648419/thumbnail/thumbnail_IMAG10_1421195d-13be-4cde-bcf9-0c78d51c5ea3.jpg
602910,월요일,윈드브레이커,https://shared-comic.pstatic.net/thumb/webtoon/602910/thumbnail/thumbnail_IMAG10_3944ddad-8a6b-4568-98be-ca5f0be357d9.jpg
783052,월요일,퀘스트지상주의,https://shared-comic.pstatic.net/thumb/webtoon/783052/thumbnail/thumbnail_IMAG10_f455d5d8-c655-43d7-8966-94916efddcc7.jpg
783054,월요일,쇼미더럭키짱!,https://shared-comic.pstatic.net/thumb/webtoon/783054/thumbnail/thumbnail_IMAG10_6917f3d9-c5bb-4bfd-aa04-a288f7b252af.jpg
654774,월요일,소녀의 세계,https://shared-comic.pstatic.net/thumb/webtoon/654774/thumbnail/thumbnail_IMAG10_c966c4af-f642-4531-b39b-74c284034d9e.jpg
728750,월요일,장씨세가 호위무사,https://shared-comic.pstatic.net/thumb/webtoon/728750/thumbnail/thumbnail_IMAG10_d991c7c7-8068-48ce-b03b-54d4df8c8197.jpg
733074,월요일,백수세끼,https://shared-comic.pstatic.net/thumb/webtoon/733074/thumbnail/thumbnail_IMAG10_0741d1f6-2bae-474b-87ae-6f1a69988808.jpg
774863,월요일,팔이피플,https://shared-comic.pstatic.net/thumb/webtoon/774863/thumbnail/thumbnail_IMAG10_bcaea87e-33e2-4a5f-90d7-bf6bc8998e34.jpg
793005,월요일,유미의 작가 수칙,https://shared-comic.pstatic.net/thumb/webtoon/793005/thumbnail/thumbnail_IMAG10_73b3f44a-4843-431a-ab32-951fbda88e79.jpg
739115,월요일,앵무살수,https://shared-comic.pstatic.net/thumb/webtoon/739115/thumbnail/thumbnail_IMAG10_a206c88b-0b8c-461d-b9e0-76ae8f6ee8ff.jpg
759940,월요일,만렙돌파,https://shared-comic.pstatic.net/thumb/webtoon/759940/thumbnail/thumbnail_IMAG10_7abdbbb8-b81c-46ec-8a35-3a9730fc02fa.jpg
768536,월요일,잔불의 기사,https://shared-comic.pstatic.net/thumb/webtoon/768536/thumbnail/thumbnail_IMAG10_51cf501c-79a5-48c9-957d-455931cbb0c3.jpg
752414,월요일,리턴 투 플레이어,https://shared-comic.pstatic.net/thumb/webtoon/752414/thumbnail/thumbnail_IMAG10_a96953e4-4ffc-4483-af0b-878fd0757e5d.jpg
774866,월요일,똑 닮은 딸,https://shared-comic.pstatic.net/thumb/webtoon/774866/thumbnail/thumbnail_IMAG10_0d2e042c-ce5e-4c9c-b6e1-8fc29df58af4.jpg
703849,월요일,요리GO,https://shared-comic.pstatic.net/thumb/webtoon/703849/thumbnail/thumbnail_IMAG10_097cd002-38ad-47d0-99b8-05d4b2044a9d.jpg
597478,월요일,평범한 8반,https://shared-comic.pstatic.net/thumb/webtoon/597478/thumbnail/thumbnail_IMAG10_e3523e91-65b5-4779-966c-b1f5d7c34c85.jpg
769663,월요일,더블클릭,https://shared-comic.pstatic.net/thumb/webtoon/769663/thumbnail/thumbnail_IMAG10_95cf0547-3483-45bd-9b7a-73c1fe9c68df.jpg
21815,월요일,히어로메이커,https://shared-comic.pstatic.net/thumb/webtoon/21815/thumbnail/thumbnail_title_21815_83x90.gif
730174,월요일,칼가는 소녀,https://shared-comic.pstatic.net/thumb/webtoon/730174/thumbnail/thumbnail_IMAG10_b703ccbe-7381-4ccd-bf11-790b02ad9ac6.jpg
793274,월요일,다시쓰는 연애사,https://shared-comic.pstatic.net/thumb/webtoon/793274/thumbnail/thumbnail_IMAG10_5ae234d0-3527-4c9a-99c0-9cc58b028003.jpg
791205,월요일,파운더,https://shared-comic.pstatic.net/thumb/webtoon/791205/thumbnail/thumbnail_IMAG10_0336da5b-a62b-45f6-9846-bb287ba0d7ae.jpg
761461,월요일,순정말고 순종,https://shared-comic.pstatic.net/thumb/webtoon/761461/thumbnail/thumbnail_IMAG10_4c3ce3d6-b1da-4149-9bb2-e1e7e674e246.jpg
741891,월요일,결혼생활 그림일기,https://shared-comic.pstatic.net/thumb/webtoon/741891/thumbnail/thumbnail_IMAG10_0493a07d-a793-44e7-b6f8-7c2439cc61c9.jpg
792780,월요일,경비실에서 안내방송 드립니다,https://shared-comic.pstatic.net/thumb/webtoon/792780/thumbnail/thumbnail_IMAG10_01123cff-60c1-4c11-8b6c-272bb5e2b0d8.jpg
772725,월요일,물어보는 사이,https://shared-comic.pstatic.net/thumb/webtoon/772725/thumbnail/thumbnail_IMAG10_e78a5124-b03d-4a2b-8295-7549b38f99cf.jpg
791058,월요일,아마도,https://shared-comic.pstatic.net/thumb/webtoon/791058/thumbnail/thumbnail_IMAG10_add1d870-0733-40f0-8c2b-42a294d3e1b3.jpg
792317,월요일,결혼공략,https://shared-comic.pstatic.net/thumb/webtoon/792317/thumbnail/thumbnail_IMAG10_d8be99d5-866f-4e0f-865f-9b6e9fc3e841.jpg
791616,월요일,미니어처 생활백서,https://shared-comic.pstatic.net/thumb/webtoon/791616/thumbnail/thumbnail_IMAG10_571d2598-1715-41b2-a5f2-21585f4b8130.jpg
758666,월요일,꼬리잡기,https://shared-comic.pstatic.net/thumb/webtoon/758666/thumbnail/thumbnail_IMAG10_a24a1539-f789-45a5-b18e-8209867f52c6.jpg
758671,월요일,황제와의 하룻밤,https://shared-comic.pstatic.net/thumb/webtoon/758671/thumbnail/thumbnail_IMAG10_2e7c6f94-948b-4785-8a8c-4ee3cb957194.jpg
687915,월요일,꿈의 기업,https://shared-comic.pstatic.net/thumb/webtoon/687915/thumbnail/thumbnail_IMAG10_e03acc4a-a1ce-4ebc-a021-e3cc07af5f20.jpg
774703,월요일,"아, 쫌 참으세요 영주님!",https://shared-comic.pstatic.net/thumb/webtoon/774703/thumbnail/thumbnail_IMAG10_40c1ebe5-fbc4-40ff-9d9e-2655398a239c.jpg
783050,월요일,신군,https://shared-comic.pstatic.net/thumb/webtoon/783050/thumbnail/thumbnail_IMAG10_b494dc32-a831-4b13-bd32-7ba83a41d083.jpg
785253,월요일,이별 후 사내 결혼,https://shared-comic.pstatic.net/thumb/webtoon/785253/thumbnail/thumbnail_IMAG10_134b4538-1568-4909-9a90-8370069a98c6.jpg
780881,월요일,이제야 연애,https://shared-comic.pstatic.net/thumb/webtoon/780881/thumbnail/thumbnail_IMAG10_68154972-d3c0-4caa-b754-bd0076f0ef27.jpg
780414,월요일,오빠집이 비어서,https://shared-comic.pstatic.net/thumb/webtoon/780414/thumbnail/thumbnail_IMAG10_6028bb20-4bca-4909-be2b-cfea8f01bd26.jpg
774040,월요일,"또다시, 계약 부부",https://shared-comic.pstatic.net/thumb/webtoon/774040/thumbnail/thumbnail_IMAG10_98c8561b-9aec-4593-8a28-661667aa78ad.jpg
791062,월요일,매지컬 급식,https://shared-comic.pstatic.net/thumb/webtoon/791062/thumbnail/thumbnail_IMAG10_28462eed-7fd0-49e4-9af5-30ffd0c42625.jpg
783535,월요일,제왕 빛과 그림자,https://shared-comic.pstatic.net/thumb/webtoon/783535/thumbnail/thumbnail_IMAG10_63a90e5d-69bb-4763-a29f-05ca420c8359.jpg
768472,월요일,말박왕,https://shared-comic.pstatic.net/thumb/webtoon/768472/thumbnail/thumbnail_IMAG10_07fb3ce0-1377-4f8f-a99c-7a44b2633ae7.jpg
791256,월요일,파견체,https://shared-comic.pstatic.net/thumb/webtoon/791256/thumbnail/thumbnail_IMAG10_79dd0c71-6e07-41b2-8518-54a4b98dc1f6.jpg
767919,월요일,야생천사 보호구역,https://shared-comic.pstatic.net/thumb/webtoon/767919/thumbnail/thumbnail_IMAG10_261a0e42-cb4f-41e1-afcc-43eab555530d.jpg
753858,월요일,싸이코 리벤지,https://shared-comic.pstatic.net/thumb/webtoon/753858/thumbnail/thumbnail_IMAG10_fe304455-8376-49fd-852d-27ea36b7ac6e.jpg
758667,월요일,사랑의 헌옷수거함,https://shared-comic.pstatic.net/thumb/webtoon/758667/thumbnail/thumbnail_IMAG10_1c4acfac-0d64-4177-872c-477afc640a18.jpg
778329,월요일,바퀴,https://shared-comic.pstatic.net/thumb/webtoon/778329/thumbnail/thumbnail_IMAG10_83504df0-9303-4021-b3cf-f712d2203fd6.jpg
791629,월요일,입술이 예쁜 남자,https://shared-comic.pstatic.net/thumb/webtoon/791629/thumbnail/thumbnail_IMAG10_067bbc53-6ff7-42c0-a654-f8a55d92bc2a.jpg
785250,월요일,원작은 완결난 지 한참 됐습니다만,https://shared-comic.pstatic.net/thumb/webtoon/785250/thumbnail/thumbnail_IMAG10_0888d718-5cf1-4115-8ec5-60c9c7ff975f.jpg
786910,월요일,레지나레나 - 용서받지 못한 그대에게,https://shared-comic.pstatic.net/thumb/webtoon/786910/thumbnail/thumbnail_IMAG10_62ce1231-21f9-43d9-b511-db2ec3a6862a.jpg
752530,월요일,원하는 건 너 하나,https://shared-comic.pstatic.net/thumb/webtoon/752530/thumbnail/thumbnail_IMAG10_5482b0b9-e708-4047-885a-9c015a6faa3d.jpg
772734,월요일,최후의 금빛아이,https://shared-comic.pstatic.net/thumb/webtoon/772734/thumbnail/thumbnail_IMAG10_37fe38e8-2009-423a-8ccf-6971616c6e66.jpg
778748,월요일,홍천기,https://shared-comic.pstatic.net/thumb/webtoon/778748/thumbnail/thumbnail_IMAG10_03e342f9-2244-4f3c-847c-9de34e5e298b.jpg
752350,월요일,왕따협상,https://shared-comic.pstatic.net/thumb/webtoon/752350/thumbnail/thumbnail_IMAG10_6e2d9473-5d7c-444a-acc6-75bfecc64ccc.jpg
774870,월요일,찌질하지만 로맨스는 하고 싶어,https://shared-comic.pstatic.net/thumb/webtoon/774870/thumbnail/thumbnail_IMAG10_fdbe889b-8f21-4dcc-985f-e530a08b3170.jpg
784107,월요일,달로 만든 아이,https://shared-comic.pstatic.net/thumb/webtoon/784107/thumbnail/thumbnail_IMAG10_a3c883e6-8ac7-469d-81de-82962d8a1fde.jpg
772243,월요일,모스크바의 여명,https://shared-comic.pstatic.net/thumb/webtoon/772243/thumbnail/thumbnail_IMAG10_03d8fba5-3abb-4801-ac40-f065a983a484.jpg
765776,월요일,마지막 지수,https://shared-comic.pstatic.net/thumb/webtoon/765776/thumbnail/thumbnail_IMAG10_93784ff4-28e7-4848-b0e4-ae1adbd59a5a.jpg
788170,월요일,나만의 고막남친,https://shared-comic.pstatic.net/thumb/webtoon/788170/thumbnail/thumbnail_IMAG10_fa3f25fa-0d85-47b8-889f-8efafac6bb04.jpg
789591,월요일,디나운스,https://shared-comic.pstatic.net/thumb/webtoon/789591/thumbnail/thumbnail_IMAG10_6f6d15d4-e94e-4fb2-b18d-57dcb8503c0b.jpg
734918,월요일,모락모락 왕세자님,https://shared-comic.pstatic.net/thumb/webtoon/734918/thumbnail/thumbnail_IMAG10_c4eb0e76-aedd-45b3-9c5b-964db66bd69c.jpg
767979,월요일,그림자 신부,https://shared-comic.pstatic.net/thumb/webtoon/767979/thumbnail/thumbnail_IMAG10_9825a874-1e45-4d0c-8637-e9c1345085dd.jpg
745654,월요일,백호랑,https://shared-comic.pstatic.net/thumb/webtoon/745654/thumbnail/thumbnail_IMAG10_c6e75655-940a-47c1-aa95-23605625edec.jpg
783525,월요일,악녀 18세 공략기,https://shared-comic.pstatic.net/thumb/webtoon/783525/thumbnail/thumbnail_IMAG10_0a73b494-5a00-4caa-8824-669802e9ca27.jpg
776256,월요일,역주행!,https://shared-comic.pstatic.net/thumb/webtoon/776256/thumbnail/thumbnail_IMAG10_891d2730-03d3-4962-8d23-aab948e1fa7a.jpg
754872,월요일,헬로맨스,https://shared-comic.pstatic.net/thumb/webtoon/754872/thumbnail/thumbnail_IMAG10_a5d116a3-a77d-4662-9ca9-6f083f6ad967.jpg
769801,월요일,사막에 핀 달,https://shared-comic.pstatic.net/thumb/webtoon/769801/thumbnail/thumbnail_IMAG10_bd559eec-1285-43e7-ade8-85a6924aecee.jpg
786979,월요일,별을 쫓는 소년들,https://shared-comic.pstatic.net/thumb/webtoon/786979/thumbnail/thumbnail_IMAG10_bae18cfa-0514-4cc7-b960-a2f3a2e92300.jpg
785259,월요일,남주서치,https://shared-comic.pstatic.net/thumb/webtoon/785259/thumbnail/thumbnail_IMAG10_01d30e25-794c-4d74-92fb-40244cc447ff.jpg
764623,월요일,오로지 오로라,https://shared-comic.pstatic.net/thumb/webtoon/764623/thumbnail/thumbnail_IMAG10_8fc32406-b947-4945-bfcd-8593c1d115ab.jpg
785749,월요일,슈퍼스타 천대리,https://shared-comic.pstatic.net/thumb/webtoon/785749/thumbnail/thumbnail_IMAG10_77344d64-5fc6-44e0-bc7b-3ad5c7bfcd34.jpg
744375,월요일,결백한 사람은 없다,https://shared-comic.pstatic.net/thumb/webtoon/744375/thumbnail/thumbnail_IMAG10_b2c381e5-9d1c-4089-b97e-49a84e97dd25.jpg
740132,월요일,중독연구소,https://shared-comic.pstatic.net/thumb/webtoon/740132/thumbnail/thumbnail_IMAG10_75fe6ace-e0ba-4e97-95ac-ac1144395b11.jpg
770590,월요일,기사님을 지켜줘,https://shared-comic.pstatic.net/thumb/webtoon/770590/thumbnail/thumbnail_IMAG10_ed42b29a-9760-40e8-9281-825c004f0b23.jpg
793944,월요일,오늘의 비너스,https://shared-comic.pstatic.net/thumb/webtoon/793944/thumbnail/thumbnail_IMAG10_8993e49b-892b-43a1-a86d-586994309bd6.jpg
783053,화요일,김부장,https://shared-comic.pstatic.net/thumb/webtoon/783053/thumbnail/thumbnail_IMAG10_7e1a48d2-11e0-4455-a668-fff349d8b3f3.jpg
703846,화요일,여신강림,https://shared-comic.pstatic.net/thumb/webtoon/703846/thumbnail/thumbnail_IMAG10_35503130-16ce-4236-b913-0fe76226de36.jpg
790713,화요일,대학원 탈출일지,https://shared-comic.pstatic.net/thumb/webtoon/790713/thumbnail/thumbnail_IMAG10_2ce95b9d-624f-49e0-ba4c-2dcc4c9fd8ef.jpg
789979,화요일,멸망 이후의 세계,https://shared-comic.pstatic.net/thumb/webtoon/789979/thumbnail/thumbnail_IMAG10_e5197e49-c571-46c0-8760-535fa24b0f2d.jpg
783054,화요일,쇼미더럭키짱!,https://shared-comic.pstatic.net/thumb/webtoon/783054/thumbnail/thumbnail_IMAG10_6917f3d9-c5bb-4bfd-aa04-a288f7b252af.jpg
773522,화요일,1을 줄게,https://shared-comic.pstatic.net/thumb/webtoon/773522/thumbnail/thumbnail_IMAG10_bb6edda7-7c52-4f98-b53f-85f9f6bfc5ea.jpg
784248,화요일,내가 키운 S급들,https://shared-comic.pstatic.net/thumb/webtoon/784248/thumbnail/thumbnail_IMAG10_7529ef11-6123-4afd-b76c-e3457e70f758.jpg
743139,화요일,한림체육관,https://shared-comic.pstatic.net/thumb/webtoon/743139/thumbnail/thumbnail_IMAG10_df1a8c2f-63c4-44e1-b1f5-907c41c13243.jpg
730656,화요일,사신소년,https://shared-comic.pstatic.net/thumb/webtoon/730656/thumbnail/thumbnail_IMAG10_b324ec4f-f869-4b55-b2fb-63306bef3a41.jpg
738174,화요일,중증외상센터  골든 아워,https://shared-comic.pstatic.net/thumb/webtoon/738174/thumbnail/thumbnail_IMAG10_da06bb94-8176-4b0f-a0e6-cd57f2690ad0.jpg
738487,화요일,하루만 네가 되고 싶어,https://shared-comic.pstatic.net/thumb/webtoon/738487/thumbnail/thumbnail_IMAG10_c5628410-f1c7-486f-b1e8-20390ad4dea9.jpg
773459,화요일,용사가 돌아왔다,https://shared-comic.pstatic.net/thumb/webtoon/773459/thumbnail/thumbnail_IMAG10_71ceb458-07d3-4748-abf2-d284ee9f2653.jpg
683496,화요일,신도림,https://shared-comic.pstatic.net/thumb/webtoon/683496/thumbnail/thumbnail_IMAG10_69a59ea4-ece8-4454-beea-a730adae236f.jpg
772401,화요일,니나의 마법서랍,https://shared-comic.pstatic.net/thumb/webtoon/772401/thumbnail/thumbnail_IMAG10_37107ea5-7086-458e-b4f8-2906192ce9b5.jpg
711422,화요일,삼국지톡,https://shared-comic.pstatic.net/thumb/webtoon/711422/thumbnail/thumbnail_IMAG10_6f1010d9-b7ac-47f6-86f6-b341368d638a.jpg
702608,화요일,랜덤채팅의 그녀!,https://shared-comic.pstatic.net/thumb/webtoon/702608/thumbnail/thumbnail_IMAG10_bf04b076-5a8e-4ac7-ba97-38ca0197d7ee.jpg
793283,화요일,악몽의 형상,https://shared-comic.pstatic.net/thumb/webtoon/793283/thumbnail/thumbnail_IMAG10_91a5280a-a0a7-4b0e-aaf4-9e4a7678889f.jpg
719508,화요일,헬58,https://shared-comic.pstatic.net/thumb/webtoon/719508/thumbnail/thumbnail_IMAG10_7588cd34-ae5d-4b49-aeb7-21404d7503ef.jpg
721433,화요일,집이 없어,https://shared-comic.pstatic.net/thumb/webtoon/721433/thumbnail/thumbnail_IMAG10_01022ca6-2fe0-4ac3-b84f-b525c8c0eac5.jpg
783877,화요일,하북팽가 막내아들,https://shared-comic.pstatic.net/thumb/webtoon/783877/thumbnail/thumbnail_IMAG10_ab0efc3e-1dc5-4d35-9aaf-1011b51c03f3.jpg
759925,화요일,엽총소년,https://shared-comic.pstatic.net/thumb/webtoon/759925/thumbnail/thumbnail_IMAG10_ab461af8-c357-459e-bf71-cdbb924cffcf.jpg
778963,화요일,덴큐,https://shared-comic.pstatic.net/thumb/webtoon/778963/thumbnail/thumbnail_IMAG10_e12c0167-935c-48c0-9368-3212ec220239.jpg
698918,화요일,원주민 공포만화,https://shared-comic.pstatic.net/thumb/webtoon/698918/thumbnail/thumbnail_IMAG10_1ffbcabb-b5fd-41d8-9500-faaee1d3cbb4.jpg
616239,화요일,윌유메리미,https://shared-comic.pstatic.net/thumb/webtoon/616239/thumbnail/title_thumbnail_20161031214436_t83x90.jpg
790776,화요일,붉은 이정표,https://shared-comic.pstatic.net/thumb/webtoon/790776/thumbnail/thumbnail_IMAG10_c3160bd2-3553-4999-9f12-307b5441c8ac.jpg
766648,화요일,위아더좀비,https://shared-comic.pstatic.net/thumb/webtoon/766648/thumbnail/thumbnail_IMAG10_0c255212-709e-46d3-94db-2b3f290029b3.jpg
777226,화요일,벽간소음,https://shared-comic.pstatic.net/thumb/webtoon/777226/thumbnail/thumbnail_IMAG10_5963975d-2f40-42ae-8deb-a8fe857e784d.jpg
771044,화요일,몬스터,https://shared-comic.pstatic.net/thumb/webtoon/771044/thumbnail/thumbnail_IMAG10_bc5980e0-19e8-46da-85f6-99e6a78a139a.jpg
723046,화요일,하우스키퍼,https://shared-comic.pstatic.net/thumb/webtoon/723046/thumbnail/thumbnail_IMAG10_bcbb3000-5fca-4d1d-b93a-087b03a2a13b.jpg
785703,화요일,애옹식당,https://shared-comic.pstatic.net/thumb/webtoon/785703/thumbnail/thumbnail_IMAG10_fc6c97a1-b52a-4548-aa91-bf8e3a867afe.jpg
732988,화요일,올가미,https://shared-comic.pstatic.net/thumb/webtoon/732988/thumbnail/thumbnail_IMAG10_e541a075-4ba0-4b51-8769-78872c917d4a.jpg
740034,화요일,견우와 선녀,https://shared-comic.pstatic.net/thumb/webtoon/740034/thumbnail/thumbnail_IMAG10_441329f7-c6b4-48ff-bbc6-025e0d303865.jpg
791126,화요일,내남친 킹카만들기,https://shared-comic.pstatic.net/thumb/webtoon/791126/thumbnail/thumbnail_IMAG10_f5bcedde-1954-461a-b7d5-69e289f76c0e.jpg
726214,화요일,정년이,https://shared-comic.pstatic.net/thumb/webtoon/726214/thumbnail/thumbnail_IMAG10_e673dd9c-d2e3-4926-96aa-fb5ed2de499b.jpg
741449,화요일,용왕님의 셰프가 되었습니다,https://shared-comic.pstatic.net/thumb/webtoon/741449/thumbnail/thumbnail_IMAG10_f0ac9516-2df4-4c8c-a23c-3c1c8ac63576.jpg
789478,화요일,늑대처럼 홀로,https://shared-comic.pstatic.net/thumb/webtoon/789478/thumbnail/thumbnail_IMAG10_af65e300-968c-43e2-91a6-8a09a993dfea.jpg
785583,화요일,택배 왔습니다,https://shared-comic.pstatic.net/thumb/webtoon/785583/thumbnail/thumbnail_IMAG10_c8f2d28d-2617-41ad-98c0-cec5c7c47849.jpg
776093,화요일,이상형은 아닙니다,https://shared-comic.pstatic.net/thumb/webtoon/776093/thumbnail/thumbnail_IMAG10_be5d14cd-9ef2-4271-a496-e805c1e2ba09.jpg
654138,화요일,은주의 방 2~3부,https://shared-comic.pstatic.net/thumb/webtoon/654138/thumbnail/thumbnail_IMAG10_6703cec5-78ee-4a87-9362-e46b6763b432.jpg
676695,화요일,제로게임,https://shared-comic.pstatic.net/thumb/webtoon/676695/thumbnail/thumbnail_IMAG10_e908df03-8da8-4ab3-a9de-c9eff525e5ab.jpg
770068,화요일,나타나주세요!,https://shared-comic.pstatic.net/thumb/webtoon/770068/thumbnail/thumbnail_IMAG10_dcf67137-c34b-415e-b256-ad1dbc854aa5.jpg
753853,화요일,"플레이, 플리",https://shared-comic.pstatic.net/thumb/webtoon/753853/thumbnail/thumbnail_IMAG10_980d0513-e380-4765-aafc-ec65534d8501.jpg
783549,화요일,100,https://shared-comic.pstatic.net/thumb/webtoon/783549/thumbnail/thumbnail_IMAG10_a469202c-99d5-4f30-971f-d2dbe12b6804.jpg
767908,화요일,아이즈,https://shared-comic.pstatic.net/thumb/webtoon/767908/thumbnail/thumbnail_IMAG10_716f9ddd-4ff0-4f52-bec2-d46a42f99019.jpg
753839,화요일,빅맨,https://shared-comic.pstatic.net/thumb/webtoon/753839/thumbnail/thumbnail_IMAG10_d03af743-513a-4abe-af8a-28a1e623facb.jpg
789029,화요일,한입만!,https://shared-comic.pstatic.net/thumb/webtoon/789029/thumbnail/thumbnail_IMAG10_0150b7d0-c5bc-46ff-88d7-70bb2785b61a.jpg
784518,화요일,"대공님, 실수였어요!",https://shared-comic.pstatic.net/thumb/webtoon/784518/thumbnail/thumbnail_IMAG10_13f35eef-8f61-4c27-93bb-3f09b7bbf569.jpg
738145,화요일,숲속의 담,https://shared-comic.pstatic.net/thumb/webtoon/738145/thumbnail/thumbnail_IMAG10_88d4ff76-cbf3-487c-b823-ae30a8b00ee6.jpg
752532,화요일,연우의 순정,https://shared-comic.pstatic.net/thumb/webtoon/752532/thumbnail/thumbnail_IMAG10_0bfd510a-19b2-48fb-b5e9-a5bf74e8aaf5.jpg
786883,화요일,또 다른 사랑,https://shared-comic.pstatic.net/thumb/webtoon/786883/thumbnail/thumbnail_IMAG10_8c9891c8-deb0-4f21-b489-3adc2672380b.jpg
790705,화요일,잿빛오름,https://shared-comic.pstatic.net/thumb/webtoon/790705/thumbnail/thumbnail_IMAG10_e0331d65-c4cc-4356-865e-bba0df50769e.jpg
762073,화요일,나의 플랏메이트,https://shared-comic.pstatic.net/thumb/webtoon/762073/thumbnail/thumbnail_IMAG10_424bd290-657d-4c68-9555-6f3d33e54ed9.jpg
761601,화요일,열녀박씨 계약결혼뎐,https://shared-comic.pstatic.net/thumb/webtoon/761601/thumbnail/thumbnail_IMAG10_5c82ba0c-4f5a-48ef-9847-f7b77e1808f8.jpg
789682,화요일,짝사랑의 마침표,https://shared-comic.pstatic.net/thumb/webtoon/789682/thumbnail/thumbnail_IMAG10_a46328a2-c2e7-4271-a6a9-bd97983f8693.jpg
785700,화요일,시벨롬 리스트,https://shared-comic.pstatic.net/thumb/webtoon/785700/thumbnail/thumbnail_IMAG10_5505b241-9a14-4235-9c06-2f251db4e2b2.
783529,화요일,미물,https://shared-comic.pstatic.net/thumb/webtoon/783529/thumbnail/thumbnail_IMAG10_162fcc7d-f55d-403d-9c3e-49b83eabdef5.jpg
766966,화요일,태시트,https://shared-comic.pstatic.net/thumb/webtoon/766966/thumbnail/thumbnail_IMAG10_ed2d97f1-43b6-4586-ac64-7f4cfa40c693.jpg
773793,화요일,필리아로제 - 가시왕관의 예언,https://shared-comic.pstatic.net/thumb/webtoon/773793/thumbnail/thumbnail_IMAG10_86ba8653-9466-4a8a-983d-ee48bd11e3b9.jpg
771063,화요일,나는 어디에나 있다,https://shared-comic.pstatic.net/thumb/webtoon/771063/thumbnail/thumbnail_IMAG10_c8ae7ff8-dc8c-4800-8e2b-5a46cd504b04.jpg
774504,화요일,기계증식증,https://shared-comic.pstatic.net/thumb/webtoon/774504/thumbnail/thumbnail_IMAG10_d149ad42-763d-49ce-8e68-2acea9e6f76a.jpg
770477,화요일,그녀석 정복기,https://shared-comic.pstatic.net/thumb/webtoon/770477/thumbnail/thumbnail_IMAG10_e2eedec3-2af1-4935-8ab7-1d4868f98cd5.jpg
785726,화요일,이븐 모어,https://shared-comic.pstatic.net/thumb/webtoon/785726/thumbnail/thumbnail_IMAG10_3a1d08c5-d5f9-4f82-9777-d9f06badce73.jpg
769551,화요일,대신 심부름을 해다오,https://shared-comic.pstatic.net/thumb/webtoon/769551/thumbnail/thumbnail_IMAG10_06105b2c-11a8-4dcf-85c9-d4301be298b4.jpg
783518,화요일,그 남주와 이별하는 방법,https://shared-comic.pstatic.net/thumb/webtoon/783518/thumbnail/thumbnail_IMAG10_a221418d-cf88-4b19-af7e-31b61e6e8f63.jpg
785584,화요일,미신,https://shared-comic.pstatic.net/thumb/webtoon/785584/thumbnail/thumbnail_IMAG10_fa084ed0-01ee-4ad5-aaa5-a67f26e63aaf.jpg
770030,화요일,급식러너,https://shared-comic.pstatic.net/thumb/webtoon/770030/thumbnail/thumbnail_IMAG10_e1694b3f-d203-48ca-8e80-3a27e0de1f90.jpg
778228,화요일,교환학생,https://shared-comic.pstatic.net/thumb/webtoon/778228/thumbnail/thumbnail_IMAG10_2447a95e-3e6a-491f-b051-ccfe885316a0.jpg
774022,화요일,NG불가,https://shared-comic.pstatic.net/thumb/webtoon/774022/thumbnail/thumbnail_IMAG10_76ebc0eb-9df6-47df-bcd5-61ac0622356e.jpg
771095,화요일,프린스 메이커,https://shared-comic.pstatic.net/thumb/webtoon/771095/thumbnail/thumbnail_IMAG10_79d36ca4-a497-42a9-9a74-6e29859bc837.jpg
775328,화요일,다꾸남,https://shared-comic.pstatic.net/thumb/webtoon/775328/thumbnail/thumbnail_IMAG10_365262f2-48e2-43ca-b083-6aa1f419fb35.jpg
757904,화요일,호랑이 들어와요,https://shared-comic.pstatic.net/thumb/webtoon/757904/thumbnail/thumbnail_IMAG10_7a4f9439-1f09-47fa-a834-b69197b21d30.jpg
773085,화요일,고등매직,https://shared-comic.pstatic.net/thumb/webtoon/773085/thumbnail/thumbnail_IMAG10_254861fa-aebc-4968-8f5a-dd0c0e6a8698.jpg
771018,화요일,찐종합게임동아리,https://shared-comic.pstatic.net/thumb/webtoon/771018/thumbnail/thumbnail_IMAG10_1566d75b-f148-429f-8d6a-a629b8286b81.jpg
758672,화요일,피로만땅,https://shared-comic.pstatic.net/thumb/webtoon/758672/thumbnail/thumbnail_IMAG10_060c8fcd-be1e-46bf-807a-f393e6f1bef2.jpg
769987,화요일,하나in세인,https://shared-comic.pstatic.net/thumb/webtoon/769987/thumbnail/thumbnail_IMAG10_434658ce-7ea8-496c-a421-4c02cdb37ab6.jpg
774358,화요일,천마는 평범하게 살 수 없다,https://shared-comic.pstatic.net/thumb/webtoon/774358/thumbnail/thumbnail_IMAG10_6a2f9990-0ff5-47da-aa59-6c1f68954e6f.jpg
747269,수요일,전지적 독자 시점,https://shared-comic.pstatic.net/thumb/webtoon/747269/thumbnail/thumbnail_IMAG10_55801c29-223f-46a0-a446-2e55d3024e71.jpg
769209,수요일,화산귀환,https://shared-comic.pstatic.net/thumb/webtoon/769209/thumbnail/thumbnail_IMAG10_13ff2e28-686a-42de-890e-9289550978bc.jpg
670143,수요일,헬퍼 2  킬베로스,https://shared-comic.pstatic.net/thumb/webtoon/670143/thumbnail/thumbnail_IMAG10_d2f956f7-2541-4b97-b933-e4aaa2564d14.jpg
783054,수요일,쇼미더럭키짱!,https://shared-comic.pstatic.net/thumb/webtoon/783054/thumbnail/thumbnail_IMAG10_6917f3d9-c5bb-4bfd-aa04-a288f7b252af.jpg
784255,수요일,먹는 인생,https://shared-comic.pstatic.net/thumb/webtoon/784255/thumbnail/thumbnail_IMAG10_116d995b-8080-4379-b0ea-2956868f7c7f.jpg
791253,수요일,비즈니스 여친,https://shared-comic.pstatic.net/thumb/webtoon/791253/thumbnail/thumbnail_IMAG10_5695b0f0-2b41-4ce5-96d1-97ced979161b.jpg
738694,수요일,튜토리얼 탑의 고인물,https://shared-comic.pstatic.net/thumb/webtoon/738694/thumbnail/thumbnail_IMAG10_728d40b3-1224-4e00-b7a8-d16d9adbe137.jpg
783056,수요일,여고생 드래곤,https://shared-comic.pstatic.net/thumb/webtoon/783056/thumbnail/thumbnail_IMAG10_7ac6c5fe-1072-4543-b966-4f6456037eda.jpg
783769,수요일,내 남편과 결혼해줘,https://shared-comic.pstatic.net/thumb/webtoon/783769/thumbnail/thumbnail_IMAG10_86416d8d-b03b-4432-a83f-df490fd9e7b8.jpg
717481,수요일,일렉시드,https://shared-comic.pstatic.net/thumb/webtoon/717481/thumbnail/thumbnail_IMAG10_abd208ef-46dd-42ef-942e-df70b9e27386.jpg
775141,수요일,66666년 만에 환생한 흑마법사,https://shared-comic.pstatic.net/thumb/webtoon/775141/thumbnail/thumbnail_IMAG10_c5ad3b9a-8ca8-41c1-8ce6-646c46d6fd17.jpg
749639,수요일,남주의 첫날밤을 가져버렸다,https://shared-comic.pstatic.net/thumb/webtoon/749639/thumbnail/thumbnail_IMAG10_51043632-6c82-4e51-ab7a-5945724f0df8.jpg
750184,수요일,나쁜사람,https://shared-comic.pstatic.net/thumb/webtoon/750184/thumbnail/thumbnail_IMAG10_113cf716-dc7d-4f97-b6a9-a904b55c0ff4.jpg
667573,수요일,연놈,https://shared-comic.pstatic.net/thumb/webtoon/667573/thumbnail/thumbnail_IMAG10_71dd6b56-3beb-4c03-82ce-d77cb470c46e.jpg
790404,수요일,쓰레기는 쓰레기통에!,https://shared-comic.pstatic.net/thumb/webtoon/790404/thumbnail/thumbnail_IMAG10_36c39d83-36b6-406c-bcda-3a8e57d2079c.jpg
748535,수요일,마른 가지에 바람처럼,https://shared-comic.pstatic.net/thumb/webtoon/748535/thumbnail/thumbnail_IMAG10_8c455d23-9049-476c-957c-8b3609d20441.jpg
761498,수요일,엔딩 후 서브남을 주웠다,https://shared-comic.pstatic.net/thumb/webtoon/761498/thumbnail/thumbnail_IMAG10_4d93ca19-d111-4c72-be78-4a1048c59185.jpg
710747,수요일,세상은 돈과 권력,https://shared-comic.pstatic.net/thumb/webtoon/710747/thumbnail/thumbnail_IMAG10_62a436dc-7b3e-405a-b143-a7ecf2cd0485.jpg
728126,수요일,고삼무쌍,https://shared-comic.pstatic.net/thumb/webtoon/728126/thumbnail/thumbnail_IMAG10_7629c6e3-cf87-42d0-b2b4-e568f1dca526.jpg
789434,수요일,베스트 프렌드,https://shared-comic.pstatic.net/thumb/webtoon/789434/thumbnail/thumbnail_IMAG10_bbd19c66-9c64-46bb-8757-eaa3d0fe6bfb.jpg
742105,수요일,미래의 골동품 가게,https://shared-comic.pstatic.net/thumb/webtoon/742105/thumbnail/thumbnail_IMAG10_82cbc063-7e95-426f-a6f1-138ab7b6c74d.jpg
793388,수요일,주부 육성중,https://shared-comic.pstatic.net/thumb/webtoon/793388/thumbnail/thumbnail_IMAG10_0aecae07-087d-42c0-9136-6a32433f4fce.jpg
730425,수요일,판타지 여동생!,https://shared-comic.pstatic.net/thumb/webtoon/730425/thumbnail/thumbnail_IMAG10_1021f165-b14c-480b-bf82-3e9d622472ea.jpg
671421,수요일,언덕 위의 제임스,https://shared-comic.pstatic.net/thumb/webtoon/671421/thumbnail/thumbnail_IMAG10_a98afd2e-d632-49f3-bdda-42827fff493f.jpg
718020,수요일,귀곡의 문,https://shared-comic.pstatic.net/thumb/webtoon/718020/thumbnail/thumbnail_IMAG10_7c551d69-62f1-4869-b365-88f38a70553f.jpg
792654,수요일,밀행,https://shared-comic.pstatic.net/thumb/webtoon/792654/thumbnail/thumbnail_IMAG10_0007b6ef-ef79-44f2-a3ec-d410b80c608e.jpg
792372,수요일,산의 시간,https://shared-comic.pstatic.net/thumb/webtoon/792372/thumbnail/thumbnail_IMAG10_9952d311-dba7-4d9d-9615-7c894ced8093.jpg
793696,수요일,재생존경쟁,https://shared-comic.pstatic.net/thumb/webtoon/793696/thumbnail/thumbnail_IMAG10_855551f6-49eb-4121-a3f8-6c6bd38bd21a.jpg
783523,수요일,내가 죽기로 결심한 것은,https://shared-comic.pstatic.net/thumb/webtoon/783523/thumbnail/thumbnail_IMAG10_676fcfd3-8cba-4cdd-9e7a-790433b51f13.jpg
602916,수요일,칼부림,https://shared-comic.pstatic.net/thumb/webtoon/602916/thumbnail/thumbnail_IMAG10_4eff217c-c0f3-4272-aeef-aa6783a0cb3a.jpg
760001,수요일,하렘의 남자들,https://shared-comic.pstatic.net/thumb/webtoon/760001/thumbnail/thumbnail_IMAG10_3656c7b1-966c-4492-9957-a6278aa80294.jpg
735979,수요일,얼굴천재,https://shared-comic.pstatic.net/thumb/webtoon/735979/thumbnail/thumbnail_IMAG10_e40274c8-8175-4b4b-b247-5513aa69bad5.jpg
725829,수요일,아도나이,https://shared-comic.pstatic.net/thumb/webtoon/725829/thumbnail/thumbnail_IMAG10_b7460a77-7be4-46c4-b3da-36655b868736.jpg
793863,수요일,그녀의 육하원칙,https://shared-comic.pstatic.net/thumb/webtoon/793863/thumbnail/thumbnail_IMAG10_39ed7c0a-bdc7-481c-941a-d81ebc552f2f.jpg
791892,수요일,멸종위기종인간,https://shared-comic.pstatic.net/thumb/webtoon/791892/thumbnail/thumbnail_IMAG10_4db0ccde-b1d4-4b00-9d3f-d37ea80680cf.jpg
783861,수요일,헤어지면 죽음,https://shared-comic.pstatic.net/thumb/webtoon/783861/thumbnail/thumbnail_IMAG10_63956c8e-ad91-46cd-993d-55a1ba89c987.jpg
771718,수요일,수요웹툰의 나강림,https://shared-comic.pstatic.net/thumb/webtoon/771718/thumbnail/thumbnail_IMAG10_f35d7712-6a9b-47f1-b956-28cb61000e59.jpg
755668,수요일,마녀와 용의 신혼일기,https://shared-comic.pstatic.net/thumb/webtoon/755668/thumbnail/thumbnail_IMAG10_c81d362f-b210-414b-8083-771529e29a2c.jpg
791632,수요일,낙원의 이론,https://shared-comic.pstatic.net/thumb/webtoon/791632/thumbnail/thumbnail_IMAG10_60824dbd-b8c5-430d-9a39-875af471f2f4.jpg
733034,수요일,방탈출,https://shared-comic.pstatic.net/thumb/webtoon/733034/thumbnail/thumbnail_IMAG10_e3fd42b2-4aad-4f36-8af4-b93f32158382.jpg
775690,수요일,블랙홀과 3만원,https://shared-comic.pstatic.net/thumb/webtoon/775690/thumbnail/thumbnail_IMAG10_7160a8cc-675a-4177-8286-aa2e2e3405c2.jpg
783596,수요일,그림자의 밤,https://shared-comic.pstatic.net/thumb/webtoon/783596/thumbnail/thumbnail_IMAG10_114d8552-df87-4523-b94d-2ee11d41b11b.jpg
774088,수요일,관종교장,https://shared-comic.pstatic.net/thumb/webtoon/774088/thumbnail/thumbnail_IMAG10_c058d5ab-0795-4ab7-bda5-9e00df0e4793.jpg
765158,수요일,괴물공작의 딸,https://shared-comic.pstatic.net/thumb/webtoon/765158/thumbnail/thumbnail_IMAG10_3376b6f5-3525-4bb0-ac80-8a3bf93c1b58.jpg
793113,수요일,우리 은하,https://shared-comic.pstatic.net/thumb/webtoon/793113/thumbnail/thumbnail_IMAG10_2c8e90b4-f1cb-4b7c-93d4-2ba08efb3915.jpg
786622,수요일,고등단편.zip,https://shared-comic.pstatic.net/thumb/webtoon/786622/thumbnail/thumbnail_IMAG10_182596df-f322-4b6e-b58c-42701fe320b1.jpg
770524,수요일,오징어도 사랑이 되나요,https://shared-comic.pstatic.net/thumb/webtoon/770524/thumbnail/thumbnail_IMAG10_ac36ef18-1359-4261-afe5-a3051242da0c.jpg
792120,수요일,아이돌의 비밀 스터디,https://shared-comic.pstatic.net/thumb/webtoon/792120/thumbnail/thumbnail_IMAG10_b8755a0b-b989-45ee-94e5-d908a78a7537.jpg
791140,수요일,메모리얼,https://shared-comic.pstatic.net/thumb/webtoon/791140/thumbnail/thumbnail_IMAG10_3d192eca-1a53-4074-93b2-b95de111d616.jpg
788167,수요일,가짜 동맹,https://shared-comic.pstatic.net/thumb/webtoon/788167/thumbnail/thumbnail_IMAG10_b9ec17e9-6967-4c92-8ce9-27fc04eea5c3.jpg
786987,수요일,더 퀸즈,https://shared-comic.pstatic.net/thumb/webtoon/786987/thumbnail/thumbnail_IMAG10_0bb20e9d-77df-4ae3-8623-6f17841706f9.jpg
750558,수요일,로어 올림푸스,https://shared-comic.pstatic.net/thumb/webtoon/750558/thumbnail/thumbnail_IMAG10_b958aaec-eff0-4cd7-b11b-3ad6237408e7.jpg
760002,수요일,반귀,https://shared-comic.pstatic.net/thumb/webtoon/760002/thumbnail/thumbnail_IMAG10_4e41a674-f995-462a-bd19-bcaf0157299e.jpg
745589,수요일,범이올시다!,https://shared-comic.pstatic.net/thumb/webtoon/745589/thumbnail/thumbnail_IMAG10_2ca10058-1492-42c0-83a2-b16732dd825b.jpg
773187,수요일,사랑과 평강의 온달!,https://shared-comic.pstatic.net/thumb/webtoon/773187/thumbnail/thumbnail_IMAG10_2741ad5f-f3b6-48a6-9ffa-16c495c72d2f.jpg
786189,수요일,잿빛도 색이다,https://shared-comic.pstatic.net/thumb/webtoon/786189/thumbnail/thumbnail_IMAG10_958f25e3-2ecc-4658-bd5c-ca1deeaefe70.jpg
780253,수요일,두 번 사는 프로듀서,https://shared-comic.pstatic.net/thumb/webtoon/780253/thumbnail/thumbnail_IMAG10_632dcdf8-8bbf-4b28-a558-5b41cd2981be.jpg
783534,수요일,구사일생 로맨스,https://shared-comic.pstatic.net/thumb/webtoon/783534/thumbnail/thumbnail_IMAG10_7a86eb45-2322-49f3-af64-4b0bc6a3899a.jpg
758670,수요일,웰컴 온보드,https://shared-comic.pstatic.net/thumb/webtoon/758670/thumbnail/thumbnail_IMAG10_05b449a1-c177-4340-9eea-f8b17e53f8e1.jpg
789652,수요일,인과관계,https://shared-comic.pstatic.net/thumb/webtoon/789652/thumbnail/thumbnail_IMAG10_85c3c62a-3aef-467a-9987-8673aa108052.jpg
748536,수요일,사상최강,https://shared-comic.pstatic.net/thumb/webtoon/748536/thumbnail/thumbnail_IMAG10_c24eae99-c803-499b-9360-a7fccd63a3c4.jpg
783971,수요일,이별학,https://shared-comic.pstatic.net/thumb/webtoon/783971/thumbnail/thumbnail_IMAG10_121fc0f1-a085-4cea-8270-ecf9ccd307f1.jpg
774853,수요일,무용과 남학생,https://shared-comic.pstatic.net/thumb/webtoon/774853/thumbnail/thumbnail_IMAG10_09d82455-4f86-40cf-91fb-2b6fd284cba6.jpg
772729,수요일,반짝반짝 작은 눈,https://shared-comic.pstatic.net/thumb/webtoon/772729/thumbnail/thumbnail_IMAG10_104d307e-e2ae-491f-8517-695446c5409b.jpg
783526,수요일,혁명 뒤 공주는,https://shared-comic.pstatic.net/thumb/webtoon/783526/thumbnail/thumbnail_IMAG10_c53a98d6-163e-4dca-8675-7266f47efac8.jpg
763851,수요일,뱀은 꽃을 먹는가,https://shared-comic.pstatic.net/thumb/webtoon/763851/thumbnail/thumbnail_IMAG10_58c4f59b-61ac-4e75-adad-0def86eacdbf.jpg
786498,수요일,하지만 너는 2D잖아,https://shared-comic.pstatic.net/thumb/webtoon/786498/thumbnail/thumbnail_IMAG10_a5c95355-71b5-4b5d-81eb-f3835ed96588.jpg
780137,수요일,"오직, 밝은 미래",https://shared-comic.pstatic.net/thumb/webtoon/780137/thumbnail/thumbnail_IMAG10_7a9d10c3-adde-49d5-a84f-0213a731b361.jpg
770844,수요일,구주,https://shared-comic.pstatic.net/thumb/webtoon/770844/thumbnail/thumbnail_IMAG10_fc438ac0-aea6-451b-b39a-5fc6e11b3dae.jpg
774039,수요일,나의 계절,https://shared-comic.pstatic.net/thumb/webtoon/774039/thumbnail/thumbnail_IMAG10_a2f715ce-cb5e-41e2-ad07-2c952fe50e26.jpg
762786,수요일,해귀,https://shared-comic.pstatic.net/thumb/webtoon/762786/thumbnail/thumbnail_IMAG10_d4df6481-2dac-4475-abd1-a7b241802b79.jpg
783106,수요일,수호하는 너에게,https://shared-comic.pstatic.net/thumb/webtoon/783106/thumbnail/thumbnail_IMAG10_d052e7c6-7272-4f6d-bbc9-50488b007b8a.jpg
783595,수요일,필생기,https://shared-comic.pstatic.net/thumb/webtoon/783595/thumbnail/thumbnail_IMAG10_fffdf448-9a01-4fa5-8f00-b0ed6910f299.jpg
748105,목요일,독립일기,https://shared-comic.pstatic.net/thumb/webtoon/748105/thumbnail/thumbnail_IMAG10_becd3e24-cc09-4243-a1c9-646270f4a8db.jpg
570503,목요일,연애혁명,https://shared-comic.pstatic.net/thumb/webtoon/570503/thumbnail/thumbnail_IMAG10_023d23be-91f9-46c5-a1ff-152d6238e892.jpg
736989,목요일,더 복서,https://shared-comic.pstatic.net/thumb/webtoon/736989/thumbnail/thumbnail_IMAG10_5d382045-7052-416a-8c8a-f87a05155a7c.jpg
783055,목요일,신림남22,https://shared-comic.pstatic.net/thumb/webtoon/783055/thumbnail/thumbnail_IMAG10_0e26f775-1bd3-4fa1-934d-acf3e015ff17.jpg
557672,목요일,기기괴괴,https://shared-comic.pstatic.net/thumb/webtoon/557672/thumbnail/thumbnail_IMAG10_d05c81ab-ea19-473b-818f-3aceb657ae1e.jpg
747271,목요일,나노마신,https://shared-comic.pstatic.net/thumb/webtoon/747271/thumbnail/thumbnail_IMAG10_0a56d153-5521-4ca8-9665-a4450c6fb40d.jpg
783054,목요일,쇼미더럭키짱!,https://shared-comic.pstatic.net/thumb/webtoon/783054/thumbnail/thumbnail_IMAG10_6917f3d9-c5bb-4bfd-aa04-a288f7b252af.jpg
731130,목요일,이두나!,https://shared-comic.pstatic.net/thumb/webtoon/731130/thumbnail/thumbnail_IMAG10_0f5fa6cc-3d7c-4e20-a42d-60b32de309e5.jpg
780170,목요일,나 혼자 네크로맨서,https://shared-comic.pstatic.net/thumb/webtoon/780170/thumbnail/thumbnail_IMAG10_515ac2c3-ba65-43bf-9680-3e9cf6d81cbc.jpg
783888,목요일,현실퀘스트,https://shared-comic.pstatic.net/thumb/webtoon/783888/thumbnail/thumbnail_IMAG10_f15c2d69-b43c-413c-afc7-039b3c172c66.jpg
776255,목요일,천마육성,https://shared-comic.pstatic.net/thumb/webtoon/776255/thumbnail/thumbnail_IMAG10_56b3ed9f-2773-46d3-b65f-07e5b070f66a.jpg
762279,목요일,정글쥬스,https://shared-comic.pstatic.net/thumb/webtoon/762279/thumbnail/thumbnail_IMAG10_7eca3c20-7c36-49b7-a7af-af933e9c8c09.jpg
746857,목요일,무사만리행,https://shared-comic.pstatic.net/thumb/webtoon/746857/thumbnail/thumbnail_IMAG10_0e5a96ba-ee85-4de9-9996-b59852281617.jpg
748831,목요일,별을 삼킨 너에게,https://shared-comic.pstatic.net/thumb/webtoon/748831/thumbnail/thumbnail_IMAG10_2bb9343e-111f-4cc7-a9dd-c6a5ad7d83d1.jpg
788976,목요일,특수청소,https://shared-comic.pstatic.net/thumb/webtoon/788976/thumbnail/thumbnail_IMAG10_043af8a1-5048-4ff3-b282-edd80da7f9e7.jpg
773417,목요일,포식동물,https://shared-comic.pstatic.net/thumb/webtoon/773417/thumbnail/thumbnail_IMAG10_4ce06217-a6a3-4a9e-8988-8a1347651f1e.jpg
710761,목요일,하드캐리,https://shared-comic.pstatic.net/thumb/webtoon/710761/thumbnail/thumbnail_IMAG10_9f8253a1-2318-4c0d-8d9e-f044f2203d4c.jpg
131385,목요일,쿠베라,https://shared-comic.pstatic.net/thumb/webtoon/131385/thumbnail/thumbnail_IMAG10_c5053bcc-3b95-473d-bfe1-e4256bf56b58.jpg
758439,목요일,던전 씹어먹는 아티팩트,https://shared-comic.pstatic.net/thumb/webtoon/758439/thumbnail/thumbnail_IMAG10_08abada1-ebb5-41cc-a28e-e3a71a422202.jpg
790453,목요일,갓트,https://shared-comic.pstatic.net/thumb/webtoon/790453/thumbnail/thumbnail_IMAG10_e1ff0673-bd65-4b4e-91e2-31fbbec78861.jpg
775631,목요일,완벽한 결혼의 정석,https://shared-comic.pstatic.net/thumb/webtoon/775631/thumbnail/thumbnail_IMAG10_b3ef9f8f-dc07-4169-84c1-f4dc855fb2f7.jpg
741825,목요일,꽃만 키우는데 너무강함,https://shared-comic.pstatic.net/thumb/webtoon/741825/thumbnail/thumbnail_IMAG10_2cb48835-dbbb-429c-b391-91a57775717e.jpg
792280,목요일,아인슈페너,https://shared-comic.pstatic.net/thumb/webtoon/792280/thumbnail/thumbnail_IMAG10_6f71fd3d-533b-4514-951c-b22a0719a372.jpg
758659,목요일,오빠세끼,https://shared-comic.pstatic.net/thumb/webtoon/758659/thumbnail/thumbnail_IMAG10_fe96051e-237c-4e03-8467-cb4a88803983.jpg
701700,목요일,트롤트랩,https://shared-comic.pstatic.net/thumb/webtoon/701700/thumbnail/thumbnail_IMAG10_91d1c77b-9ad9-43ce-8299-ed986700c65a.jpg
570506,목요일,최강전설 강해효,https://shared-comic.pstatic.net/thumb/webtoon/570506/thumbnail/title_thumbnail_20130710192300_t83x90.jpg
792379,목요일,베어케어,https://shared-comic.pstatic.net/thumb/webtoon/792379/thumbnail/thumbnail_IMAG10_11ab7a50-4fe2-4841-ab73-7220bc190115.jpg
785727,목요일,국세청 망나니,https://shared-comic.pstatic.net/thumb/webtoon/785727/thumbnail/thumbnail_IMAG10_5a4f9aad-3c43-4403-91cc-639d0cd18add.jpg
793279,목요일,1학년 9반,https://shared-comic.pstatic.net/thumb/webtoon/793279/thumbnail/thumbnail_IMAG10_345b547c-3a5b-4f8e-988e-1021db2d47e4.jpg
792277,목요일,따개비,https://shared-comic.pstatic.net/thumb/webtoon/792277/thumbnail/thumbnail_IMAG10_f46de1d2-61a7-4f1b-a3ee-4a835f01e494.jpg
770523,목요일,흑막 여주가 날 새엄마로 만들려고 해,https://shared-comic.pstatic.net/thumb/webtoon/770523/thumbnail/thumbnail_IMAG10_1487472a-7381-4bdb-ad7e-81b8e48d6d96.jpg
768468,목요일,불편한 관계,https://shared-comic.pstatic.net/thumb/webtoon/768468/thumbnail/thumbnail_IMAG10_0868e7eb-c0b1-479d-8f20-a9086a42b8a3.jpg
780191,목요일,선남친 후연애,https://shared-comic.pstatic.net/thumb/webtoon/780191/thumbnail/thumbnail_IMAG10_7f64859b-d943-46ec-a8a5-0364456dc527.jpg
776668,목요일,마왕까지 한 걸음,https://shared-comic.pstatic.net/thumb/webtoon/776668/thumbnail/thumbnail_IMAG10_47385d7e-1e03-4d85-a7dc-668936e52a4c.jpg
783117,목요일,만능잡캐,https://shared-comic.pstatic.net/thumb/webtoon/783117/thumbnail/thumbnail_IMAG10_7d7f8c99-cb06-4048-92f2-8ef088959afb.jpg
790239,목요일,가족같은 XX,https://shared-comic.pstatic.net/thumb/webtoon/790239/thumbnail/thumbnail_IMAG10_04f93d8c-988d-499c-b673-b05aa00ed77a.jpg
792125,목요일,로맨틱 태평수산,https://shared-comic.pstatic.net/thumb/webtoon/792125/thumbnail/thumbnail_IMAG10_e5c3c3af-2d49-4728-ae7b-c88b694a1805.jpg
729964,목요일,만물의 영장,https://shared-comic.pstatic.net/thumb/webtoon/729964/thumbnail/thumbnail_IMAG10_8935ee89-7619-4466-abf6-b6c4d6e6f734.jpg
791258,목요일,부캐인생,https://shared-comic.pstatic.net/thumb/webtoon/791258/thumbnail/thumbnail_IMAG10_bcbe81d0-eca1-4f3c-9a36-aaf826538443.jpg
766503,목요일,마계인섬,https://shared-comic.pstatic.net/thumb/webtoon/766503/thumbnail/thumbnail_IMAG10_4f8347aa-c69f-4d1f-a294-6d68e2510fd6.jpg
731930,목요일,안개무덤,https://shared-comic.pstatic.net/thumb/webtoon/731930/thumbnail/thumbnail_IMAG10_0217e232-d198-4562-b80a-495e711c2aea.jpg
753222,목요일,시월드 판타지,https://shared-comic.pstatic.net/thumb/webtoon/753222/thumbnail/thumbnail_IMAG10_c81cfc5e-6a3c-4dc1-9975-42fc87cbff82.jpg
793130,목요일,방과후 레시피,https://shared-comic.pstatic.net/thumb/webtoon/793130/thumbnail/thumbnail_IMAG10_f1b9d2cb-4efe-470e-8ee7-311624239d84.jpg
776542,목요일,네가 죽기를 바랄 때가 있었다,https://shared-comic.pstatic.net/thumb/webtoon/776542/thumbnail/thumbnail_IMAG10_6df97693-b779-489b-8238-747689fa9e41.jpg
776655,목요일,마법사랑해,https://shared-comic.pstatic.net/thumb/webtoon/776655/thumbnail/thumbnail_IMAG10_485c3a9c-39b6-4c61-9e6e-c2c28af714c6.jpg
670145,목요일,킬더킹,https://shared-comic.pstatic.net/thumb/webtoon/670145/thumbnail/title_thumbnail_20160105121235_t83x90.jpg
790409,목요일,진짜 진짜 이혼해,https://shared-comic.pstatic.net/thumb/webtoon/790409/thumbnail/thumbnail_IMAG10_c71f74cc-2b77-460a-a9ec-5482390d2ef2.jpg
769664,목요일,온에어,https://shared-comic.pstatic.net/thumb/webtoon/769664/thumbnail/thumbnail_IMAG10_b10be264-bd88-4742-b36a-a92c802faa5c.jpg
762035,목요일,달의 요람,https://shared-comic.pstatic.net/thumb/webtoon/762035/thumbnail/thumbnail_IMAG10_a3a0512a-b3ae-483c-ace0-cde42ba8cdd2.jpg
790840,목요일,"오, 친애하는 숙적",https://shared-comic.pstatic.net/thumb/webtoon/790840/thumbnail/thumbnail_IMAG10_e6ee1228-38af-4a4b-8a27-a154de9d9a1f.jpg
783536,목요일,해시의 신루,https://shared-comic.pstatic.net/thumb/webtoon/783536/thumbnail/thumbnail_IMAG10_bf71cd24-4fb8-4614-8cf4-8248a8e3e32b.jpg
792596,목요일,칼과 방울,https://shared-comic.pstatic.net/thumb/webtoon/792596/thumbnail/thumbnail_IMAG10_503c59d6-d8f7-4387-a549-0d81776a4938.jpg
783862,목요일,마녀의 심판은 꽃이 된다,https://shared-comic.pstatic.net/thumb/webtoon/783862/thumbnail/thumbnail_IMAG10_a1b6c959-bcc9-4c78-a1f7-446d9369547e.jpg
783551,목요일,침묵의 밤,https://shared-comic.pstatic.net/thumb/webtoon/783551/thumbnail/thumbnail_IMAG10_948b0a5c-a3c1-4422-8884-71cb0af1d7a0.jpg
771912,목요일,THE 런웨이,https://shared-comic.pstatic.net/thumb/webtoon/771912/thumbnail/thumbnail_IMAG10_5a168e10-f887-4735-bfbb-7738387f0f38.jpg
765322,목요일,그 황제가 시곗바늘을 되돌린 사연,https://shared-comic.pstatic.net/thumb/webtoon/765322/thumbnail/thumbnail_IMAG10_37907656-fba7-481d-84cc-7d804d0e14b6.jpg
785701,목요일,가상&RPG,https://shared-comic.pstatic.net/thumb/webtoon/785701/thumbnail/thumbnail_IMAG10_f701edb3-3d0e-41d9-b2a6-bf23977c2890.jpg
742351,목요일,소녀180,https://shared-comic.pstatic.net/thumb/webtoon/742351/thumbnail/thumbnail_IMAG10_9c229d55-35b1-46c0-beb3-ecc7167addc4.jpg
784989,목요일,배트맨 웨인 패밀리 어드벤처,https://shared-comic.pstatic.net/thumb/webtoon/784989/thumbnail/thumbnail_IMAG10_d6dc8639-0112-47e3-be45-27b273e1b16e.jpg
784506,목요일,환상연가,https://shared-comic.pstatic.net/thumb/webtoon/784506/thumbnail/thumbnail_IMAG10_aaa624af-ff00-45c6-bcdc-a4c08adadf45.jpg
771720,목요일,소년의 기록,https://shared-comic.pstatic.net/thumb/webtoon/771720/thumbnail/thumbnail_IMAG10_7911f306-6306-4ede-b84e-3580e6fef13b.jpg
774451,목요일,아빠같은 남자,https://shared-comic.pstatic.net/thumb/webtoon/774451/thumbnail/thumbnail_IMAG10_da2528f4-1481-453e-afd8-49d10c255b3e.jpg
729086,목요일,이계 무슨 황비,https://shared-comic.pstatic.net/thumb/webtoon/729086/thumbnail/thumbnail_IMAG10_5599d39d-173e-437a-b8e4-b9e86cc26629.jpg
787729,목요일,나쁜 마법사의 꿈,https://shared-comic.pstatic.net/thumb/webtoon/787729/thumbnail/thumbnail_IMAG10_4cbc0e61-37ed-4be4-8e57-ce3790856c6d.jpg
758661,목요일,유리와 유리와 유리,https://shared-comic.pstatic.net/thumb/webtoon/758661/thumbnail/thumbnail_IMAG10_3faf68b4-8419-4cc5-9f39-badea2abc1c5.jpg
772691,목요일,돌아온 여기사,https://shared-comic.pstatic.net/thumb/webtoon/772691/thumbnail/thumbnail_IMAG10_f775f11b-944c-487c-ad43-583edfb1ba6e.jpg
762781,목요일,성스러운 아이돌,https://shared-comic.pstatic.net/thumb/webtoon/762781/thumbnail/thumbnail_IMAG10_e80d1b5c-bd28-4afb-98c2-aa89578720da.jpg
751993,목요일,보물과 괴물의 도시,https://shared-comic.pstatic.net/thumb/webtoon/751993/thumbnail/thumbnail_IMAG10_d88d306a-7c70-4c62-8099-ea892d4543ca.jpg
769662,목요일,온실 속 화초,https://shared-comic.pstatic.net/thumb/webtoon/769662/thumbnail/thumbnail_IMAG10_d05dcdae-8b51-41d8-8e95-d1a172936e0f.jpg
754876,목요일,카루나,https://shared-comic.pstatic.net/thumb/webtoon/754876/thumbnail/thumbnail_IMAG10_92cf9f87-01e2-45ef-9363-d8105cbfe251.jpg
745472,목요일,온새미로,https://shared-comic.pstatic.net/thumb/webtoon/745472/thumbnail/thumbnail_IMAG10_ff63bf75-5a38-4f60-970a-9541435c7e9e.jpg
772192,목요일,평범한 낙원,https://shared-comic.pstatic.net/thumb/webtoon/772192/thumbnail/thumbnail_IMAG10_b767cf6c-c2de-4752-ba9c-93a6a54fefa6.jpg
776790,목요일,폭탄주먹 변대장,https://shared-comic.pstatic.net/thumb/webtoon/776790/thumbnail/thumbnail_IMAG10_2a9a37f1-b033-4168-8673-5a15220e5aa2.jpg
774924,목요일,어느날 네가 떠올라!,https://shared-comic.pstatic.net/thumb/webtoon/774924/thumbnail/thumbnail_IMAG10_2abffbd4-a9e6-4a51-bbcc-b76124ab2a9a.jpg
771985,목요일,모어 라이프,https://shared-comic.pstatic.net/thumb/webtoon/771985/thumbnail/thumbnail_IMAG10_24469875-abd9-4c70-8fdb-4c50240ac06c.jpg
771717,목요일,멸망X초이스,https://shared-comic.pstatic.net/thumb/webtoon/771717/thumbnail/thumbnail_IMAG10_d78308b8-d1d5-4df6-84af-d8be299f7dff.jpg
641253,금요일,외모지상주의,https://shared-comic.pstatic.net/thumb/webtoon/641253/thumbnail/thumbnail_IMAG10_d4d1a799-d193-4e5a-9b46-6dffcead862a.jpg
790713,금요일,대학원 탈출일지,https://shared-comic.pstatic.net/thumb/webtoon/790713/thumbnail/thumbnail_IMAG10_2ce95b9d-624f-49e0-ba4c-2dcc4c9fd8ef.jpg
773797,금요일,나 혼자 만렙 뉴비,https://shared-comic.pstatic.net/thumb/webtoon/773797/thumbnail/thumbnail_IMAG10_47682705-9b27-4d0e-a8dc-33f57dfe8667.jpg
318995,금요일,갓 오브 하이스쿨,https://shared-comic.pstatic.net/thumb/webtoon/318995/thumbnail/title_thumbnail_20110407182655_t83x90.jpg
783054,금요일,쇼미더럭키짱!,https://shared-comic.pstatic.net/thumb/webtoon/783054/thumbnail/thumbnail_IMAG10_6917f3d9-c5bb-4bfd-aa04-a288f7b252af.jpg
776601,금요일,광마회귀,https://shared-comic.pstatic.net/thumb/webtoon/776601/thumbnail/thumbnail_IMAG10_9a5f99ba-6641-4882-b1f3-8c6b606204be.jpg
790245,금요일,어쩌다보니 천생연분,https://shared-comic.pstatic.net/thumb/webtoon/790245/thumbnail/thumbnail_IMAG10_c118153e-170b-44b9-b0a7-2086bda66c0a.jpg
735661,금요일,재혼 황후,https://shared-comic.pstatic.net/thumb/webtoon/735661/thumbnail/thumbnail_IMAG10_b8d2ad63-7375-4b9c-ad52-61a1a74a758b.jpg
753478,금요일,데드퀸,https://shared-comic.pstatic.net/thumb/webtoon/753478/thumbnail/thumbnail_IMAG10_86630183-745e-462a-b555-9643d477165a.jpg
725586,금요일,1초,https://shared-comic.pstatic.net/thumb/webtoon/725586/thumbnail/thumbnail_IMAG10_7be4eb2a-35e4-4c0f-ac4f-70cee159ccbd.jpg
781354,금요일,내과 박원장,https://shared-comic.pstatic.net/thumb/webtoon/781354/thumbnail/thumbnail_IMAG10_5d9c37e1-54bf-4e5a-87aa-7a0f06d36d66.jpg
712362,금요일,개를 낳았다,https://shared-comic.pstatic.net/thumb/webtoon/712362/thumbnail/thumbnail_IMAG10_209d50ef-0522-4e27-8b3c-6245becea280.jpg
772764,금요일,죽지 않으려면,https://shared-comic.pstatic.net/thumb/webtoon/772764/thumbnail/thumbnail_IMAG10_21a11da4-78cd-4f99-9881-4b7afc51c05e.jpg
711422,금요일,삼국지톡,https://shared-comic.pstatic.net/thumb/webtoon/711422/thumbnail/thumbnail_IMAG10_6f1010d9-b7ac-47f6-86f6-b341368d638a.jpg
746534,금요일,낙향문사전,https://shared-comic.pstatic.net/thumb/webtoon/746534/thumbnail/thumbnail_IMAG10_b768e954-c203-4768-b2ff-b877d8aa2157.jpg
792452,금요일,모텔 304호,https://shared-comic.pstatic.net/thumb/webtoon/792452/thumbnail/thumbnail_IMAG10_c046b821-8bc0-4b6e-854f-d2eb8d9fe725.jpg
751168,금요일,상남자,https://shared-comic.pstatic.net/thumb/webtoon/751168/thumbnail/thumbnail_IMAG10_05234185-ffa0-4e93-9619-acaa6b75da83.jpg
773476,금요일,서울역 드루이드,https://shared-comic.pstatic.net/thumb/webtoon/773476/thumbnail/thumbnail_IMAG10_fa2b1e10-a764-46ba-b4a0-b26ba828827a.jpg
552960,금요일,더 게이머,https://shared-comic.pstatic.net/thumb/webtoon/552960/thumbnail/title_thumbnail_20130905153649_t83x90.jpg
764130,금요일,그들이 사귀는 세상,https://shared-comic.pstatic.net/thumb/webtoon/764130/thumbnail/thumbnail_IMAG10_30c704f3-962f-4c71-972b-09dacb2b50c4.jpg
777767,금요일,역대급 영지 설계사,https://shared-comic.pstatic.net/thumb/webtoon/777767/thumbnail/thumbnail_IMAG10_04fe5276-ea72-459b-81bd-da73b012c24c.jpg
766563,금요일,히어로 킬러,https://shared-comic.pstatic.net/thumb/webtoon/766563/thumbnail/thumbnail_IMAG10_782fdaff-e316-4c93-ad24-e348f4c67006.jpg
751208,금요일,뫼신 사냥꾼,https://shared-comic.pstatic.net/thumb/webtoon/751208/thumbnail/thumbnail_IMAG10_1f8a6f44-0301-45df-8f0a-5c8fe68fe013.jpg
761722,금요일,세기말 풋사과 보습학원,https://shared-comic.pstatic.net/thumb/webtoon/761722/thumbnail/thumbnail_IMAG10_03b1346b-5a0b-40fc-884d-4b1f74c14af4.jpg
748534,금요일,구남친이 내게 반했다,https://shared-comic.pstatic.net/thumb/webtoon/748534/thumbnail/thumbnail_IMAG10_935595fa-4bf0-4da2-902c-d033651e3d28.jpg
765804,금요일,A.I. 닥터,https://shared-comic.pstatic.net/thumb/webtoon/765804/thumbnail/thumbnail_IMAG10_07088e32-0f35-49ff-b978-f63917d121fe.jpg
759457,금요일,여성전용헬스장 진달래짐,https://shared-comic.pstatic.net/thumb/webtoon/759457/thumbnail/thumbnail_IMAG10_6fc047df-7e7b-4e68-9d3e-c918724388f2.jpg
745876,금요일,플레이어,https://shared-comic.pstatic.net/thumb/webtoon/745876/thumbnail/thumbnail_IMAG10_8fef7dc3-8a78-4cf9-9e44-4ef6c875875e.jpg
784507,금요일,푸쉬오프,https://shared-comic.pstatic.net/thumb/webtoon/784507/thumbnail/thumbnail_IMAG10_aba61a54-2bb3-40ab-b5ff-8886b5e48f55.jpg
765821,금요일,사람의 조각,https://shared-comic.pstatic.net/thumb/webtoon/765821/thumbnail/thumbnail_IMAG10_508fede6-60a7-4f46-8973-928a5771b539.jpg
783527,금요일,그렇고 그런 바람에,https://shared-comic.pstatic.net/thumb/webtoon/783527/thumbnail/thumbnail_IMAG10_6cf77ba3-ba96-4d68-8b03-8ca65bb638fb.jpg
793410,금요일,별빛 커튼콜,https://shared-comic.pstatic.net/thumb/webtoon/793410/thumbnail/thumbnail_IMAG10_15511d97-0485-47eb-958e-556728839cc6.jpg
768469,금요일,여우놀이,https://shared-comic.pstatic.net/thumb/webtoon/768469/thumbnail/thumbnail_IMAG10_f2a8a377-e480-4ee6-b7fd-cbeaa75136dd.jpg
774868,금요일,미혼남녀의 효율적 만남,https://shared-comic.pstatic.net/thumb/webtoon/774868/thumbnail/thumbnail_IMAG10_02b96de9-cb6e-4e0a-8471-058d94e2d8f3.jpg
783256,금요일,상위1%,https://shared-comic.pstatic.net/thumb/webtoon/783256/thumbnail/thumbnail_IMAG10_0eb7e4b2-ae06-4b5a-bb7b-a31cbaf37862.jpg
783539,금요일,희란국연가,https://shared-comic.pstatic.net/thumb/webtoon/783539/thumbnail/thumbnail_IMAG10_380d7315-10af-49f0-a06c-7abf6742b99d.jpg
777515,금요일,쌈빡,https://shared-comic.pstatic.net/thumb/webtoon/777515/thumbnail/thumbnail_IMAG10_7e4461d3-6dc7-4b4c-b9d4-22e100acde9e.jpg
758675,금요일,그 기사가 레이디로 사는 법,https://shared-comic.pstatic.net/thumb/webtoon/758675/thumbnail/thumbnail_IMAG10_6eb1e9a6-c38b-4a88-a81d-8687f99521f1.jpg
793853,금요일,악마라고 불러다오,https://shared-comic.pstatic.net/thumb/webtoon/793853/thumbnail/thumbnail_IMAG10_c7585a23-ff1d-40e5-97e5-f9ff64b25921.jpg
732036,금요일,후덜덜덜 남극전자,https://shared-comic.pstatic.net/thumb/webtoon/732036/thumbnail/thumbnail_IMAG10_8b515b33-a333-4be4-9d82-fd23d4337378.jpg
756139,금요일,스포,https://shared-comic.pstatic.net/thumb/webtoon/756139/thumbnail/thumbnail_IMAG10_fd450842-e522-406f-9bad-6895280a9ad7.jpg
724431,금요일,버그 스티그마,https://shared-comic.pstatic.net/thumb/webtoon/724431/thumbnail/thumbnail_IMAG10_cace8173-9317-474e-bf95-dedf889ce522.jpg
758660,금요일,네버엔딩달링,https://shared-comic.pstatic.net/thumb/webtoon/758660/thumbnail/thumbnail_IMAG10_f5ee47ff-8729-43c7-a360-d346ba50b99d.jpg
761496,금요일,도무지 그애는,https://shared-comic.pstatic.net/thumb/webtoon/761496/thumbnail/thumbnail_IMAG10_42768598-88c0-420e-8b33-fbe12130640c.jpg
741467,금요일,너의 미소가 함정,https://shared-comic.pstatic.net/thumb/webtoon/741467/thumbnail/thumbnail_IMAG10_24734aa1-9ba3-4cbb-bafd-caeb5c3a0097.jpg
778325,금요일,미친 후작을 길들이고 말았다,https://shared-comic.pstatic.net/thumb/webtoon/778325/thumbnail/thumbnail_IMAG10_c2207eed-17d3-4457-9c67-82f7b4a4c7cd.jpg
777272,금요일,식인귀,https://shared-comic.pstatic.net/thumb/webtoon/777272/thumbnail/thumbnail_IMAG10_21fab1d1-dbca-48f3-8f14-49da0a810db3.jpg
769210,금요일,엽사요괴사냥꾼,https://shared-comic.pstatic.net/thumb/webtoon/769210/thumbnail/thumbnail_IMAG10_4c62e25c-eab7-413b-8b6b-470075b846c2.jpg
775140,금요일,인피니티,https://shared-comic.pstatic.net/thumb/webtoon/775140/thumbnail/thumbnail_IMAG10_3f05ecc4-9b9a-45c5-ba62-0fe80d802a64.jpg
791847,금요일,스치면 인연 스며들면 사랑,https://shared-comic.pstatic.net/thumb/webtoon/791847/thumbnail/thumbnail_IMAG10_803defe8-aec3-43d5-b15c-30dc33690472.jpg
783863,금요일,이게 아닌데,https://shared-comic.pstatic.net/thumb/webtoon/783863/thumbnail/thumbnail_IMAG10_cf311d62-0cfd-41a3-9d02-6a9f08bdeb23.jpg
783540,금요일,여름여자 하보이,https://shared-comic.pstatic.net/thumb/webtoon/783540/thumbnail/thumbnail_IMAG10_9e5716fa-5fc0-48dd-af4a-7cd0d06365c6.jpg
685460,금요일,골든 체인지,https://shared-comic.pstatic.net/thumb/webtoon/685460/thumbnail/thumbnail_IMAG10_633c0d92-1d38-44a2-bdae-e331447f2d61.jpg
764022,금요일,거래,https://shared-comic.pstatic.net/thumb/webtoon/764022/thumbnail/thumbnail_IMAG10_98146d4b-1b34-4df1-93de-34732930ed7e.jpg
769747,금요일,아찔한 전남편,https://shared-comic.pstatic.net/thumb/webtoon/769747/thumbnail/thumbnail_IMAG10_9a414b73-778f-4207-a703-5fd69a246281.jpg
766626,금요일,악몽일기,https://shared-comic.pstatic.net/thumb/webtoon/766626/thumbnail/thumbnail_IMAG10_f50846dc-f351-4485-97f0-2293bccff95c.jpg
771330,금요일,태권보이,https://shared-comic.pstatic.net/thumb/webtoon/771330/thumbnail/thumbnail_IMAG10_8f97a7dc-1a1a-4f3a-a66f-38feddf8515b.jpg
769567,금요일,"주님, 악마가 되게 해주세요!",https://shared-comic.pstatic.net/thumb/webtoon/769567/thumbnail/thumbnail_IMAG10_fe06aec8-eaa4-4a0f-897b-b11d70d2f5bd.jpg
783520,금요일,재앙의 날,https://shared-comic.pstatic.net/thumb/webtoon/783520/thumbnail/thumbnail_IMAG10_843ba904-4f04-45f8-880a-714427faabb2.jpg
780267,금요일,오!너의 리스크,https://shared-comic.pstatic.net/thumb/webtoon/780267/thumbnail/thumbnail_IMAG10_94577e33-c0e5-4590-8679-d552ecdf33af.jpg
776669,금요일,빨간맛 로맨스,https://shared-comic.pstatic.net/thumb/webtoon/776669/thumbnail/thumbnail_IMAG10_0e315fa8-8c1d-43c7-aa03-71a3a9afd96b.jpg
751999,금요일,백년게임,https://shared-comic.pstatic.net/thumb/webtoon/751999/thumbnail/thumbnail_IMAG10_8b7402e5-3bd5-479c-ad01-8fdc787502e0.jpg
644112,금요일,몽홀,https://shared-comic.pstatic.net/thumb/webtoon/644112/thumbnail/title_thumbnail_20150105174647_t83x90.jpg
524520,금요일,트럼프,https://shared-comic.pstatic.net/thumb/webtoon/524520/thumbnail/thumbnail_IMAG10_2d94230a-1466-4eae-a829-3d177e8fb7e8.jpg
758677,금요일,히트포인트,https://shared-comic.pstatic.net/thumb/webtoon/758677/thumbnail/thumbnail_IMAG10_d6e7e6e6-54b2-4521-9e8d-66986c772797.jpg
780063,금요일,달이 없는 나라,https://shared-comic.pstatic.net/thumb/webtoon/780063/thumbnail/thumbnail_IMAG10_2602d5aa-f820-4773-ba11-568b0fa3bd38.jpg
772020,금요일,로판 빙의 만화,https://shared-comic.pstatic.net/thumb/webtoon/772020/thumbnail/thumbnail_IMAG10_8878b0c2-7f69-4fbe-b532-8b2b85b17a14.jpg
729036,금요일,합법해적 파르페,https://shared-comic.pstatic.net/thumb/webtoon/729036/thumbnail/thumbnail_IMAG10_8b9ad702-9338-47ed-aaa5-69b70efb281e.jpg
783552,금요일,리트리츠,https://shared-comic.pstatic.net/thumb/webtoon/783552/thumbnail/thumbnail_IMAG10_e2f306c4-3f90-4266-a2ec-55dce4b0ecc7.jpg
739350,금요일,나쁜 쪽으로,https://shared-comic.pstatic.net/thumb/webtoon/739350/thumbnail/thumbnail_IMAG10_3ea28f5f-ee09-4fc0-8771-30572c72cb05.jpg
785855,금요일,짝사랑 마들렌,https://shared-comic.pstatic.net/thumb/webtoon/785855/thumbnail/thumbnail_IMAG10_225d467d-cebe-4438-a132-c8a076eb1449.jpg
769660,금요일,킬러방  퍼스트 킬,https://shared-comic.pstatic.net/thumb/webtoon/769660/thumbnail/thumbnail_IMAG10_1bbb4dd2-19aa-4494-acc4-752da2b5edae.jpg
773475,금요일,팬시X팬시,https://shared-comic.pstatic.net/thumb/webtoon/773475/thumbnail/thumbnail_IMAG10_04fd9268-2ff1-4e9c-b992-0965a30b74e7.jpg
775334,금요일,"행운을 빌어요, 용사님!",https://shared-comic.pstatic.net/thumb/webtoon/775334/thumbnail/thumbnail_IMAG10_87cbc197-780a-44eb-8d3c-25aa7a0642eb.jpg
777853,금요일,다름이 아니라,https://shared-comic.pstatic.net/thumb/webtoon/777853/thumbnail/thumbnail_IMAG10_6b7b51f3-3e7c-47e8-abe9-2db32c432fe8.jpg
597447,토요일,프리드로우,https://shared-comic.pstatic.net/thumb/webtoon/597447/thumbnail/title_thumbnail_20131102162055_t83x90.jpg
792651,토요일,99강화나무몽둥이,https://shared-comic.pstatic.net/thumb/webtoon/792651/thumbnail/thumbnail_IMAG10_8c733a14-32cb-4350-8ec5-231e713cdf42.jpg
783055,토요일,신림남22,https://shared-comic.pstatic.net/thumb/webtoon/783055/thumbnail/thumbnail_IMAG10_0e26f775-1bd3-4fa1-934d-acf3e015ff17.jpg
727188,토요일,취사병 전설이 되다,https://shared-comic.pstatic.net/thumb/webtoon/727188/thumbnail/thumbnail_IMAG10_f01cc201-02c6-4a40-8c1a-e3db0c256876.jpg
784255,토요일,먹는 인생,https://shared-comic.pstatic.net/thumb/webtoon/784255/thumbnail/thumbnail_IMAG10_116d995b-8080-4379-b0ea-2956868f7c7f.jpg
787500,토요일,은탄,https://shared-comic.pstatic.net/thumb/webtoon/787500/thumbnail/thumbnail_IMAG10_1679a661-57a2-46d7-a4cd-da6faca8fb29.jpg
730694,토요일,초인의 시대,https://shared-comic.pstatic.net/thumb/webtoon/730694/thumbnail/thumbnail_IMAG10_66827cdd-5000-40fb-ace1-96396beccc25.jpg
783056,토요일,여고생 드래곤,https://shared-comic.pstatic.net/thumb/webtoon/783056/thumbnail/thumbnail_IMAG10_7ac6c5fe-1072-4543-b966-4f6456037eda.jpg
721948,토요일,스터디그룹,https://shared-comic.pstatic.net/thumb/webtoon/721948/thumbnail/thumbnail_IMAG10_03dbca7a-d940-47d7-9e4d-5100c4db77a3.jpg
772401,토요일,니나의 마법서랍,https://shared-comic.pstatic.net/thumb/webtoon/772401/thumbnail/thumbnail_IMAG10_37107ea5-7086-458e-b4f8-2906192ce9b5.jpg
773796,토요일,망나니 소교주로 환생했다,https://shared-comic.pstatic.net/thumb/webtoon/773796/thumbnail/thumbnail_IMAG10_be3d1a5c-caea-4809-adff-953027b84999.jpg
793283,토요일,악몽의 형상,https://shared-comic.pstatic.net/thumb/webtoon/793283/thumbnail/thumbnail_IMAG10_91a5280a-a0a7-4b0e-aaf4-9e4a7678889f.jpg
724815,토요일,아홉수 우리들,https://shared-comic.pstatic.net/thumb/webtoon/724815/thumbnail/thumbnail_IMAG10_f1e3db59-b569-4192-8541-c44898f72ede.jpg
616239,토요일,윌유메리미,https://shared-comic.pstatic.net/thumb/webtoon/616239/thumbnail/title_thumbnail_20161031214436_t83x90.jpg
774864,토요일,존잘주의,https://shared-comic.pstatic.net/thumb/webtoon/774864/thumbnail/thumbnail_IMAG10_d16faa5d-213e-4951-8271-6fb0138a2f31.jpg
758619,토요일,힙한남자,https://shared-comic.pstatic.net/thumb/webtoon/758619/thumbnail/thumbnail_IMAG10_e00943fb-a374-457d-822a-120f1de5afb3.jpg
769568,토요일,반드시 해피엔딩,https://shared-comic.pstatic.net/thumb/webtoon/769568/thumbnail/thumbnail_IMAG10_7fc6c51f-7e8b-4c42-92e6-a2106b95a97d.jpg
746834,토요일,청춘 블라썸,https://shared-comic.pstatic.net/thumb/webtoon/746834/thumbnail/thumbnail_IMAG10_b71a44e4-e3dd-4588-be1f-313cfc86162b.jpg
786496,토요일,아사,https://shared-comic.pstatic.net/thumb/webtoon/786496/thumbnail/thumbnail_IMAG10_06957a22-c2d1-4d77-9352-df0f73cb9e72.jpg
733280,토요일,나를 바꿔줘,https://shared-comic.pstatic.net/thumb/webtoon/733280/thumbnail/thumbnail_IMAG10_6e31cdd0-a6be-4929-ac5b-b676997ad8a5.jpg
739127,토요일,피라미드 게임,https://shared-comic.pstatic.net/thumb/webtoon/739127/thumbnail/thumbnail_IMAG10_184033c9-2452-4428-b2a6-741f3e54a98c.jpg
791936,토요일,키스의 여왕,https://shared-comic.pstatic.net/thumb/webtoon/791936/thumbnail/thumbnail_IMAG10_9557e597-9b0c-4938-8af7-d487c3c9c37c.jpg
793374,토요일,완벽한 부부는 없다,https://shared-comic.pstatic.net/thumb/webtoon/793374/thumbnail/thumbnail_IMAG10_1c44631f-b633-4e40-935d-bc5ed903a9bd.jpg
776656,토요일,최면학교,https://shared-comic.pstatic.net/thumb/webtoon/776656/thumbnail/thumbnail_IMAG10_75be3960-a4c0-4cfe-98fb-aef491cad4f8.jpg
787061,토요일,소공녀 민트,https://shared-comic.pstatic.net/thumb/webtoon/787061/thumbnail/thumbnail_IMAG10_a2db1eb9-f0bf-4ce8-9ab5-2912739ae704.jpg
703630,토요일,어글리후드,https://shared-comic.pstatic.net/thumb/webtoon/703630/thumbnail/thumbnail_IMAG10_2d640bb7-e140-4d3f-99c9-207d4442cf5c.jpg
793275,토요일,작전명 순정,https://shared-comic.pstatic.net/thumb/webtoon/793275/thumbnail/thumbnail_IMAG10_faa8423f-2857-4b30-a80c-e70b1992f43b.jpg
732021,토요일,탑코너,https://shared-comic.pstatic.net/thumb/webtoon/732021/thumbnail/thumbnail_IMAG10_4a82584b-2ae5-41f9-bfe2-b4be4083f289.jpg
783590,토요일,용사참수인,https://shared-comic.pstatic.net/thumb/webtoon/783590/thumbnail/thumbnail_IMAG10_c6dea522-2c43-4738-b137-e5e314462c7f.jpg
793553,토요일,이계진입 리로디드,https://shared-comic.pstatic.net/thumb/webtoon/793553/thumbnail/thumbnail_IMAG10_4558fdc0-126c-4afd-85d9-5cd123caf504.jpg
765157,토요일,좀비 파이트,https://shared-comic.pstatic.net/thumb/webtoon/765157/thumbnail/thumbnail_IMAG10_cd8edb81-895b-441b-a63f-b29ad5eb04a1.jpg
792720,토요일,이건 그냥 연애 이야기,https://shared-comic.pstatic.net/thumb/webtoon/792720/thumbnail/thumbnail_IMAG10_296cae6d-e70f-46ca-92b9-510de9474b1f.jpg
755559,토요일,태백  튜토리얼 맨,https://shared-comic.pstatic.net/thumb/webtoon/755559/thumbnail/thumbnail_IMAG10_50efe96f-a225-4670-bb33-4d3a5e3a4861.jpg
783814,토요일,엑스애쉬,https://shared-comic.pstatic.net/thumb/webtoon/783814/thumbnail/thumbnail_IMAG10_0c94a37e-4ba6-44a4-be38-8c26c6e22c5c.jpg
778580,토요일,최강부캐,https://shared-comic.pstatic.net/thumb/webtoon/778580/thumbnail/thumbnail_IMAG10_8587c2c5-d84f-4cff-866c-99f0b6840c95.jpg
729047,토요일,공유몽,https://shared-comic.pstatic.net/thumb/webtoon/729047/thumbnail/thumbnail_IMAG10_9a8db8ca-3aab-4176-b88f-442344f9d986.jpg
778284,토요일,은둔코인,https://shared-comic.pstatic.net/thumb/webtoon/778284/thumbnail/thumbnail_IMAG10_8a7b1ac5-d69a-42b0-98cd-730e0b2c3b3a.jpg
703839,토요일,홍시는 날 좋아해!,https://shared-comic.pstatic.net/thumb/webtoon/703839/thumbnail/thumbnail_IMAG10_10ba9e49-31ec-4254-97ee-7f3cdd13a8a1.jpg
786269,토요일,마법사가 죽음을 맞이하는 방법,https://shared-comic.pstatic.net/thumb/webtoon/786269/thumbnail/thumbnail_IMAG10_317c3b42-ae1b-47c5-9b6c-bc87c956d8c5.jpg
778656,토요일,봐선 안되는 것,https://shared-comic.pstatic.net/thumb/webtoon/778656/thumbnail/thumbnail_IMAG10_b364565d-3db2-461a-8736-875f20133ae1.jpg
774706,토요일,감 비서가 고장났다,https://shared-comic.pstatic.net/thumb/webtoon/774706/thumbnail/thumbnail_IMAG10_ea151726-0f9a-4f68-9a58-bb2b91edc47a.jpg
750582,토요일,광해의 연인,https://shared-comic.pstatic.net/thumb/webtoon/750582/thumbnail/thumbnail_IMAG10_8ddaafa0-c129-47de-b064-54da7abef9f7.jpg
774051,토요일,남편을 만렙으로 키우려 합니다,https://shared-comic.pstatic.net/thumb/webtoon/774051/thumbnail/thumbnail_IMAG10_1d9266b8-bdfe-414b-b8f1-756c6c6906b4.jpg
774043,토요일,메트로헌터,https://shared-comic.pstatic.net/thumb/webtoon/774043/thumbnail/thumbnail_IMAG10_d567682a-74b7-48ca-895f-347521d9da4b.jpg
755744,토요일,왕년엔 용사님,https://shared-comic.pstatic.net/thumb/webtoon/755744/thumbnail/thumbnail_IMAG10_9431c9fe-227b-46c9-afff-2e5cd6a2306c.jpg
784582,토요일,소년 검사,https://shared-comic.pstatic.net/thumb/webtoon/784582/thumbnail/thumbnail_IMAG10_c6eebb55-4bb5-4e77-94b6-002865c3886f.jpg
746833,토요일,"저무는 해, 시린 눈",https://shared-comic.pstatic.net/thumb/webtoon/746833/thumbnail/thumbnail_IMAG10_fbc11d08-d94d-44a9-a3fb-e3a2f2757887.jpg
789664,토요일,적월의 나라,https://shared-comic.pstatic.net/thumb/webtoon/789664/thumbnail/thumbnail_IMAG10_e41fd76d-3751-4090-bfe8-cd9a9b76974a.jpg
793072,토요일,팬인데 왜요,https://shared-comic.pstatic.net/thumb/webtoon/793072/thumbnail/thumbnail_IMAG10_77b72298-9b34-4c7c-8a9d-f8bc71991fbb.jpg
780404,토요일,물위의 우리,https://shared-comic.pstatic.net/thumb/webtoon/780404/thumbnail/thumbnail_IMAG10_2af1fddb-1d1f-47d9-91b3-177cfd27c955.jpg
785260,토요일,배달의 신,https://shared-comic.pstatic.net/thumb/webtoon/785260/thumbnail/thumbnail_IMAG10_4965fd97-e105-4a3b-a748-014a794e7f7d.jpg
788661,토요일,일상이 무너졌다,https://shared-comic.pstatic.net/thumb/webtoon/788661/thumbnail/thumbnail_IMAG10_44387376-90d3-40c2-b340-42d85e7a9557.jpg
793350,토요일,미나 이퀄,https://shared-comic.pstatic.net/thumb/webtoon/793350/thumbnail/thumbnail_IMAG10_320bb96e-6725-43cd-a836-a5048e41312b.jpg
757579,토요일,팔려 온 신부,https://shared-comic.pstatic.net/thumb/webtoon/757579/thumbnail/thumbnail_IMAG10_b1cf47c0-8683-42ee-bb58-dce10af654f4.jpg
770964,토요일,키스 식스 센스,https://shared-comic.pstatic.net/thumb/webtoon/770964/thumbnail/thumbnail_IMAG10_98bbda24-565f-49e2-9237-4f566d374a2d.jpg
777829,토요일,지구식 구원자 전형,https://shared-comic.pstatic.net/thumb/webtoon/777829/thumbnail/thumbnail_IMAG10_18e0d733-8fa8-476a-a483-88b28ffed83d.jpg
783864,토요일,전생연분,https://shared-comic.pstatic.net/thumb/webtoon/783864/thumbnail/thumbnail_IMAG10_b835c177-8d9b-47bf-a9f7-88c02e0b5266.jpg
764128,토요일,모두 너였다,https://shared-comic.pstatic.net/thumb/webtoon/764128/thumbnail/thumbnail_IMAG10_d5128afd-717a-41e4-a2d8-266cb3db4125.jpg
784580,토요일,묘령의 황자,https://shared-comic.pstatic.net/thumb/webtoon/784580/thumbnail/thumbnail_IMAG10_7b663cd0-7082-413f-83c5-bdf6062a9ddc.jpg
771065,토요일,중매쟁이 아가 황녀님,https://shared-comic.pstatic.net/thumb/webtoon/771065/thumbnail/thumbnail_IMAG10_3ca259a2-cb79-407a-86e0-d6ef47855b36.jpg
761709,토요일,오늘부터 천생연분,https://shared-comic.pstatic.net/thumb/webtoon/761709/thumbnail/thumbnail_IMAG10_5420fbef-c608-47e3-8a95-373644d017f3.jpg
780845,토요일,사서고생!,https://shared-comic.pstatic.net/thumb/webtoon/780845/thumbnail/thumbnail_IMAG10_065ecb8e-9ede-4303-bcbd-1528531ecc80.jpeg
774300,토요일,주욱 같은 하루,https://shared-comic.pstatic.net/thumb/webtoon/774300/thumbnail/thumbnail_IMAG10_bedfbc49-6157-450e-83ce-da12b478b1b7.jpg
748532,토요일,"안녕, 이바다씨",https://shared-comic.pstatic.net/thumb/webtoon/748532/thumbnail/thumbnail_IMAG10_c5cd3943-30b6-43a3-89b2-db27b230ccad.jpg
774869,토요일,홍대 바이브,https://shared-comic.pstatic.net/thumb/webtoon/774869/thumbnail/thumbnail_IMAG10_259c1267-df6f-478e-a215-9727ab838369.jpg
764951,토요일,좋은데 어떡해,https://shared-comic.pstatic.net/thumb/webtoon/764951/thumbnail/thumbnail_IMAG10_02bf594d-6b70-4ace-8fc5-5e8c44ec9e4b.jpg
769802,토요일,더 나우,https://shared-comic.pstatic.net/thumb/webtoon/769802/thumbnail/thumbnail_IMAG10_f6fe3f2e-61d4-4f6b-8d17-ebc5b62b217d.jpg
733277,토요일,도사 가온,https://shared-comic.pstatic.net/thumb/webtoon/733277/thumbnail/thumbnail_IMAG10_64e26284-ff6c-4998-9025-41a1118d09fd.jpg
786978,토요일,7FATES CHAKHO,https://shared-comic.pstatic.net/thumb/webtoon/786978/thumbnail/thumbnail_IMAG10_ebdc9d54-453b-4795-96b0-8a9c3e937365.jpg
776134,토요일,"나를 길들여 봐, 차비서",https://shared-comic.pstatic.net/thumb/webtoon/776134/thumbnail/thumbnail_IMAG10_d40b012a-a192-4bf5-8019-7be48d5e983e.jpg
778579,토요일,스트릿 워크아웃,https://shared-comic.pstatic.net/thumb/webtoon/778579/thumbnail/thumbnail_IMAG10_a03c7fd7-23a7-4ba6-8c68-e0fdf1675852.jpg
786882,토요일,좋아해 아니 싫어해,https://shared-comic.pstatic.net/thumb/webtoon/786882/thumbnail/thumbnail_IMAG10_531b13c3-0c0f-47fa-921b-8c3f314594bc.jpg
769193,토요일,아가사,https://shared-comic.pstatic.net/thumb/webtoon/769193/thumbnail/thumbnail_IMAG10_3e440bde-7cfd-4217-95f8-579e513519da.jpg
781339,토요일,숨겨진 성녀,https://shared-comic.pstatic.net/thumb/webtoon/781339/thumbnail/thumbnail_IMAG10_e1ae8764-cec8-4aec-a51f-e424c0954ff4.jpg
778968,토요일,밤을 깨우는 마법,https://shared-comic.pstatic.net/thumb/webtoon/778968/thumbnail/thumbnail_IMAG10_37f75494-dfd2-4ad7-a78b-2589f0e4e1c4.jpg
735078,토요일,먹지마세요,https://shared-comic.pstatic.net/thumb/webtoon/735078/thumbnail/thumbnail_IMAG10_866423a8-117a-407f-8b6f-9d3d14be3438.jpg
753304,토요일,아침을 지나 밤으로,https://shared-comic.pstatic.net/thumb/webtoon/753304/thumbnail/thumbnail_IMAG10_f5482d19-f080-4454-abfe-3fd7a9f75e02.jpg
785693,토요일,실버 쥬얼,https://shared-comic.pstatic.net/thumb/webtoon/785693/thumbnail/thumbnail_IMAG10_d4185d60-93f9-4ea0-88ad-02ed8ffb44f0.jpg
770019,토요일,2-3승강장,https://shared-comic.pstatic.net/thumb/webtoon/770019/thumbnail/thumbnail_IMAG10_2a362375-d7f1-41a8-a521-30cf52de3028.jpg
787721,토요일,보듬보듬,https://shared-comic.pstatic.net/thumb/webtoon/787721/thumbnail/thumbnail_IMAG10_dafa281a-fc38-41b2-8fcf-c7b748d583b9.jpg
748105,일요일,독립일기,https://shared-comic.pstatic.net/thumb/webtoon/748105/thumbnail/thumbnail_IMAG10_becd3e24-cc09-4243-a1c9-646270f4a8db.jpg
736277,일요일,싸움독학,https://shared-comic.pstatic.net/thumb/webtoon/736277/thumbnail/thumbnail_IMAG10_3ff8475e-6085-4188-a359-920a8801b419.jpg
758150,일요일,입학용병,https://shared-comic.pstatic.net/thumb/webtoon/758150/thumbnail/thumbnail_IMAG10_c03df7c9-dbf3-4314-8699-04ce77fb4444.jpg
746858,일요일,이번 생도 잘 부탁해,https://shared-comic.pstatic.net/thumb/webtoon/746858/thumbnail/thumbnail_IMAG10_4568450b-830e-42a2-b088-53a0666fa4fb.jpg
774044,일요일,투신전생기,https://shared-comic.pstatic.net/thumb/webtoon/774044/thumbnail/thumbnail_IMAG10_7e564e71-f824-466a-ae37-9a62192c6fa0.jpg
710751,일요일,약한영웅,https://shared-comic.pstatic.net/thumb/webtoon/710751/thumbnail/thumbnail_IMAG10_f0f51e5a-a2f2-4404-8ace-866ab7fd1af3.jpg
695796,일요일,내일,https://shared-comic.pstatic.net/thumb/webtoon/695796/thumbnail/thumbnail_IMAG10_45196bec-1bff-4b89-8c2d-bd182cea01a9.jpg
774831,일요일,수희0(tngmlek0),https://shared-comic.pstatic.net/thumb/webtoon/774831/thumbnail/thumbnail_IMAG10_8e6c777a-e214-427f-b3f9-a75a9116897c.jpg
783051,일요일,존망코인,https://shared-comic.pstatic.net/thumb/webtoon/783051/thumbnail/thumbnail_IMAG10_34db32ca-fda8-41ee-8886-43ba124fa0f9.jpg
751207,일요일,천하제일인,https://shared-comic.pstatic.net/thumb/webtoon/751207/thumbnail/thumbnail_IMAG10_656fd81f-6932-4804-8407-03478f8f4428.jpg
779632,일요일,일타강사 백사부,https://shared-comic.pstatic.net/thumb/webtoon/779632/thumbnail/thumbnail_IMAG10_1266d6d4-6d10-45bf-b197-6842c323aaec.jpg
744384,일요일,경비 배두만,https://shared-comic.pstatic.net/thumb/webtoon/744384/thumbnail/thumbnail_IMAG10_9af5bba4-85c4-4520-b34c-795b0336b163.jpg
778322,일요일,무서운게 딱좋아!,https://shared-comic.pstatic.net/thumb/webtoon/778322/thumbnail/thumbnail_IMAG10_5dfe4a90-e373-4a28-9324-b534031083cb.jpg
743838,일요일,소녀재판,https://shared-comic.pstatic.net/thumb/webtoon/743838/thumbnail/thumbnail_IMAG10_74885554-1f99-4d1c-b826-e81a677b907d.jpg
792694,일요일,폰투스,https://shared-comic.pstatic.net/thumb/webtoon/792694/thumbnail/thumbnail_IMAG10_fc2529cd-efb4-49da-b5bb-780097d6e046.jpg
730657,일요일,오로지 너를 이기고 싶어,https://shared-comic.pstatic.net/thumb/webtoon/730657/thumbnail/thumbnail_IMAG10_aef09814-f0ba-4a80-96e7-e2b855974738.jpg
737628,일요일,별이삼샵,https://shared-comic.pstatic.net/thumb/webtoon/737628/thumbnail/thumbnail_IMAG10_f4a08d1f-b191-4646-be39-4a59555adfbe.jpg
761104,일요일,"곱게 키웠더니, 짐승",https://shared-comic.pstatic.net/thumb/webtoon/761104/thumbnail/thumbnail_IMAG10_20a0c862-dc88-459d-abeb-19971a17a0b8.jpg
655746,일요일,마법스크롤 상인 지오,https://shared-comic.pstatic.net/thumb/webtoon/655746/thumbnail/thumbnail_IMAG10_261e36e7-8e8f-4640-bcf8-31232c5279b4.jpg
761565,일요일,테러대부활,https://shared-comic.pstatic.net/thumb/webtoon/761565/thumbnail/thumbnail_IMAG10_6395d136-4553-405e-b496-a5fb7b50d69d.jpg
776092,일요일,어느날 갑자기 서울은,https://shared-comic.pstatic.net/thumb/webtoon/776092/thumbnail/thumbnail_IMAG10_d8a9c86b-5fa3-4ae6-a735-fad05d44018e.jpg
624632,일요일,마루한 - 구현동화전,https://shared-comic.pstatic.net/thumb/webtoon/624632/thumbnail/thumbnail_IMAG10_3096708f-69a5-4b54-b148-fa477d86f469.jpg
759567,일요일,판사 이한영,https://shared-comic.pstatic.net/thumb/webtoon/759567/thumbnail/thumbnail_IMAG10_6cee56e9-d777-4c30-9500-503d6b7a879d.jpg
768474,일요일,장미같은 소리,https://shared-comic.pstatic.net/thumb/webtoon/768474/thumbnail/thumbnail_IMAG10_31f21e54-4cb3-432a-968b-60e52e1d5620.jpg
728128,일요일,합격시켜주세용,https://shared-comic.pstatic.net/thumb/webtoon/728128/thumbnail/thumbnail_IMAG10_6349dc0e-4eae-4d78-b5ee-a302dc717677.jpg
769658,일요일,경자 전성시대,https://shared-comic.pstatic.net/thumb/webtoon/769658/thumbnail/thumbnail_IMAG10_f7de8f44-8312-4382-a6ea-1bf399be0a28.jpg
755982,일요일,벚꽃이 흩날릴 무렵,https://shared-comic.pstatic.net/thumb/webtoon/755982/thumbnail/thumbnail_IMAG10_bb315d85-2a9c-4824-a67a-03f728b9c421.jpg
703844,일요일,가비지타임,https://shared-comic.pstatic.net/thumb/webtoon/703844/thumbnail/thumbnail_IMAG10_066e135a-2899-4b96-8ec1-7c633d616e1f.jpg
793539,일요일,마왕의 고백,https://shared-comic.pstatic.net/thumb/webtoon/793539/thumbnail/thumbnail_IMAG10_dc3dee5c-1d8d-408f-920d-5e64f3127dfd.jpg
767874,일요일,동생친구,https://shared-comic.pstatic.net/thumb/webtoon/767874/thumbnail/thumbnail_IMAG10_1ba045c8-e214-49c8-a8e0-c7d5328cd533.jpg
783524,일요일,고백 취소도 되나,https://shared-comic.pstatic.net/thumb/webtoon/783524/thumbnail/thumbnail_IMAG10_fb6b1dff-2159-4ff2-b107-2832a41194a8.jpg
785251,일요일,시월드가 내게 집착한다,https://shared-comic.pstatic.net/thumb/webtoon/785251/thumbnail/thumbnail_IMAG10_28d5b39d-dac3-430b-8721-f3a3cb4a153a.jpg
791937,일요일,6월의 라벤더,https://shared-comic.pstatic.net/thumb/webtoon/791937/thumbnail/thumbnail_IMAG10_a030395b-63c1-492a-9b82-1ae27ee59bef.jpg
789966,일요일,장풍전,https://shared-comic.pstatic.net/thumb/webtoon/789966/thumbnail/thumbnail_IMAG10_8d5f2a7a-40ba-479c-9162-15edb48243e8.jpg
778578,일요일,위닝샷!,https://shared-comic.pstatic.net/thumb/webtoon/778578/thumbnail/thumbnail_IMAG10_3c5df625-094b-4d8c-a5fd-b7985752af0d.jpg
761599,일요일,결혼까지 망상했어!,https://shared-comic.pstatic.net/thumb/webtoon/761599/thumbnail/thumbnail_IMAG10_36c56788-421b-4433-81aa-c772c79c00c6.jpg
739097,일요일,학교정벌,https://shared-comic.pstatic.net/thumb/webtoon/739097/thumbnail/thumbnail_IMAG10_11ac440f-add3-4120-a2e3-6bcf266f6074.jpg
771910,일요일,불순물,https://shared-comic.pstatic.net/thumb/webtoon/771910/thumbnail/thumbnail_IMAG10_b92a9a99-17fb-4cc2-bb47-d33229a105c7.jpg
774865,일요일,사실 마법이었던 거임,https://shared-comic.pstatic.net/thumb/webtoon/774865/thumbnail/thumbnail_IMAG10_11c817fc-2903-4859-af04-b4666e2101ff.jpg
790416,일요일,나의 작은 서점,https://shared-comic.pstatic.net/thumb/webtoon/790416/thumbnail/thumbnail_IMAG10_b3232c24-74a1-473f-a982-6f1663803ffc.jpeg
773027,일요일,생존로그,https://shared-comic.pstatic.net/thumb/webtoon/773027/thumbnail/thumbnail_IMAG10_41bed00f-6299-497e-8b74-1d9096815927.jpg
768473,일요일,천치전능,https://shared-comic.pstatic.net/thumb/webtoon/768473/thumbnail/thumbnail_IMAG10_0a3870f2-0340-4a96-8ebc-3ef86da64c42.jpg
775657,일요일,예쁜 사나이,https://shared-comic.pstatic.net/thumb/webtoon/775657/thumbnail/thumbnail_IMAG10_62596f08-ec0a-44bd-b9e6-1896579fde08.jpg
786082,일요일,여우애담,https://shared-comic.pstatic.net/thumb/webtoon/786082/thumbnail/thumbnail_IMAG10_9e165962-49cc-40e9-825f-905af209bc52.jpg
784140,일요일,후궁 스캔들,https://shared-comic.pstatic.net/thumb/webtoon/784140/thumbnail/thumbnail_IMAG10_e82c1b26-fd0d-4c3c-9f01-b843a5509a98.jpg
789651,일요일,위험한 남편을 길들이는 법,https://shared-comic.pstatic.net/thumb/webtoon/789651/thumbnail/thumbnail_IMAG10_c8ae8e12-ba00-441f-a4e9-70cbef5f17a4.jpg
778991,일요일,몸이 바뀌는 사정,https://shared-comic.pstatic.net/thumb/webtoon/778991/thumbnail/thumbnail_IMAG10_9107b33d-78b6-418e-8704-9e1c6b85ac0e.jpg
790829,일요일,소사이코티,https://shared-comic.pstatic.net/thumb/webtoon/790829/thumbnail/thumbnail_IMAG10_924cbce1-6c32-4c4a-a9b6-1ca0a7ccfeaf.jpg
753842,일요일,데빌샷,https://shared-comic.pstatic.net/thumb/webtoon/753842/thumbnail/thumbnail_IMAG10_fc63889a-456f-4881-b5e0-cf43d07747e2.jpg
783865,일요일,돌&아이,https://shared-comic.pstatic.net/thumb/webtoon/783865/thumbnail/thumbnail_IMAG10_b844df4f-2edd-491d-9d64-8a9a4a81e766.jpg
786262,일요일,생존고백,https://shared-comic.pstatic.net/thumb/webtoon/786262/thumbnail/thumbnail_IMAG10_0328b48b-c216-4ec0-8228-df1d37a4b5a0.jpg
783599,일요일,블러드 리벤저,https://shared-comic.pstatic.net/thumb/webtoon/783599/thumbnail/thumbnail_IMAG10_30f60b0b-10b9-45fb-9a83-7d944f273849.jpg
771933,일요일,굿 리스너,https://shared-comic.pstatic.net/thumb/webtoon/771933/thumbnail/thumbnail_IMAG10_2e0a9893-d9be-404e-be7c-23152cbf462a.jpg
787465,일요일,철수와 영희 이야기,https://shared-comic.pstatic.net/thumb/webtoon/787465/thumbnail/thumbnail_IMAG10_6263b8bd-a3a4-4be8-bb9c-f005e4df51d5.jpg
761514,일요일,"라커, 오프너",https://shared-comic.pstatic.net/thumb/webtoon/761514/thumbnail/thumbnail_IMAG10_c1456ca9-9a5c-4089-a847-9103761ae35a.jpg
759641,일요일,오늘 밤만 재워줘,https://shared-comic.pstatic.net/thumb/webtoon/759641/thumbnail/thumbnail_IMAG10_35d679ca-6833-4d49-85ec-51ba1840ea6b.jpg
758664,일요일,사람은 고쳐 쓰는 게 아니야!,https://shared-comic.pstatic.net/thumb/webtoon/758664/thumbnail/thumbnail_IMAG10_8efb6cc4-5076-483a-a81b-9c3407c5c557.jpg
780266,일요일,당신의 여자가 되고 싶어요,https://shared-comic.pstatic.net/thumb/webtoon/780266/thumbnail/thumbnail_IMAG10_95b1dae2-9b47-4454-9564-e0e7a79d425e.jpg
751992,일요일,오른눈이 보는 세계,https://shared-comic.pstatic.net/thumb/webtoon/751992/thumbnail/thumbnail_IMAG10_f157b221-d50b-438b-b039-02996b4af42e.jpg
758676,일요일,조선여우스캔들,https://shared-comic.pstatic.net/thumb/webtoon/758676/thumbnail/thumbnail_IMAG10_c128068c-407a-435a-bdf1-87774dfac235.jpg
768467,일요일,푸른불꽃,https://shared-comic.pstatic.net/thumb/webtoon/768467/thumbnail/thumbnail_IMAG10_3690a0e9-7dee-4729-abf0-541040144679.jpg
775725,일요일,혀로 만난 사이,https://shared-comic.pstatic.net/thumb/webtoon/775725/thumbnail/thumbnail_IMAG10_57da8587-636f-4881-9cc4-31b8d05b56de.jpg
745652,일요일,신이 담긴 아이,https://shared-comic.pstatic.net/thumb/webtoon/745652/thumbnail/thumbnail_IMAG10_4a8f36a8-f334-4766-b550-9909f833926f.jpg
775318,일요일,황제에게 하트를 심어주세요,https://shared-comic.pstatic.net/thumb/webtoon/775318/thumbnail/thumbnail_IMAG10_ee055b37-4d75-45d1-9ddc-8f1bc5273582.jpg
780409,일요일,보스의 노골적 취향,https://shared-comic.pstatic.net/thumb/webtoon/780409/thumbnail/thumbnail_IMAG10_36ed244a-9a4a-490a-b129-da78dd4893c6.jpg
778967,일요일,랑데뷰,https://shared-comic.pstatic.net/thumb/webtoon/778967/thumbnail/thumbnail_IMAG10_6877f4e1-5fc9-4d8c-926e-f4d082aa060b.jpg
779627,일요일,보통아이,https://shared-comic.pstatic.net/thumb/webtoon/779627/thumbnail/thumbnail_IMAG10_c564c9a5-5ce9-4941-9295-eea697656de9.jpg
773524,일요일,거래하실래요,https://shared-comic.pstatic.net/thumb/webtoon/773524/thumbnail/thumbnail_IMAG10_960205b3-bd21-4841-a7e3-504df21cf6e0.jpg
752462,일요일,데이즈,https://shared-comic.pstatic.net/thumb/webtoon/752462/thumbnail/thumbnail_IMAG10_491373a1-e80e-4ecc-bb3a-10a1fe1d1ebb.jpg
777222,일요일,취향 소개소,https://shared-comic.pstatic.net/thumb/webtoon/777222/thumbnail/thumbnail_IMAG10_f12322d1-d81f-4fa8-8048-ae91581b040e.jpg
786973,일요일,DARK MOON 달의 제단,https://shared-comic.pstatic.net/thumb/webtoon/786973/thumbnail/thumbnail_IMAG10_361be0b0-2d06-401f-9582-043528eb6fb4.jpg
776143,일요일,독신마법사 기숙아파트,https://shared-comic.pstatic.net/thumb/webtoon/776143/thumbnail/thumbnail_IMAG10_dda41811-4de4-444a-accc-87f446b0bfe6.jpg
779354,일요일,패션쇼,https://shared-comic.pstatic.net/thumb/webtoon/779354/thumbnail/thumbnail_IMAG10_c0f9efb3-4fcf-4298-9202-9529cf7b5408.jpg
773067,일요일,제타,https://shared-comic.pstatic.net/thumb/webtoon/773067/thumbnail/thumbnail_IMAG10_230655d6-9f14-49ab-a4ce-51fe590136c4.jpg
776096,일요일,짝사랑의 유서,https://shared-comic.pstatic.net/thumb/webtoon/776096/thumbnail/thumbnail_IMAG10_08db5cff-39e5-45f7-8f1e-79f2dee347bc.jpg
785812,일요일,"구해줘, 호구!",https://shared-comic.pstatic.net/thumb/webtoon/785812/thumbnail/thumbnail_IMAG10_40dd9eb6-2d73-4ddc-aa1a-67c6d42647e6.jpg
777221,일요일,다시 또 봄,https://shared-comic.pstatic.net/thumb/webtoon/777221/thumbnail/thumbnail_IMAG10_947a6406-875c-4713-a677-9e710d12f2ab.jpg
