,brand,store,sido,gungu,address,phone
0,goobne,흥덕지구점,경기도,용인시,"경기도 용인시 기흥구  흥덕1로 79번길 9, 105호",031-212-9293
1,goobne,후곡점,경기도,고양시,경기도 고양시 일산서구  일산로 576,031-913-9289
2,goobne,효자중화산2호점,전라북도,전주시,"전라북도 전주시 완산구  용머리로 101 상가2동 지1층 201호, 202호",063-223-9492
3,goobne,효자중화산1호점,전라북도,전주시완산구,전라북도 전주시완산구  효동3길 24  1층 (효자동1가),063-232-8294
4,goobne,효성2동점,인천광역시,계양구,인천광역시 계양구 마장로 549 1층 107호 (효성동),032-547-8294
5,goobne,회덕점,경기도,광주시,경기도 광주시  이배재로 108,031-797-9293
6,goobne,황상인의점,경상북도,구미시,경상북도 구미시  여현로 80,054-473-9482
7,goobne,화천점,강원도,화천군,강원도 화천군 화천읍 중앙로 37번지,033-442-9994
8,goobne,화정1동점,경기도,고양시,경기도 고양시 덕양구  은빛로29번길 15-4,031-967-9592
9,goobne,화양점,서울특별시,광진구,"서울특별시 광진구   능동로19길 53, 1층",02-461-9993
10,goobne,화성마도점,경기도,화성시,경기도 화성시 마도면 두곡서길 35 1층,031-356-5708
11,goobne,화성남양점,경기도,화성시,"경기도 화성시 남양읍 역골동로 20-10,1층",031-356-9207
12,goobne,화서1동점,경기도,수원시,경기도 수원시 팔달구 화서동 219-1번지 101호,031-248-6999
13,goobne,화북삼양점,제주도,제주시,제주도 제주시  진동로1길 13,064-759-9282
14,goobne,화곡본동점,서울특별시,강서구,서울특별시 강서구 화곡동 29-27,02-2601-8292
15,goobne,화곡4동점,서울특별시,강서구,서울특별시 강서구 화곡4동 827-8번지,02-2643-9294
16,goobne,화곡1동점,서울특별시,강서구,서울특별시 강서구  곰달래로 19길 46 1층,02-2694-9294
17,goobne,홍천점,강원도,홍천군,강원도 홍천군 홍천읍 연봉리 502-5번지,033-436-9292
18,goobne,홍제2호점,서울특별시,서대문구,"서울특별시 서대문구  문화촌길 34, 아동 지층 1호",02-720-9492
19,goobne,홍제1호점,서울특별시,서대문구,서울특별시 서대문구 홍제동 155-6번지,02-732-9595
20,goobne,홍은2동점,서울특별시,서대문구,"서울특별시 서대문구  백련사길 6, 1층(홍은동)",02-395-9293
21,goobne,홍성읍점,충청남도,홍성군,충청남도 홍성군 홍성읍 문화로 33번길 10,041-631-9255
22,goobne,홍농읍점,전라남도,영광군,"전라남도 영광군 홍농읍 상하길 33, 102호",061-356-9004
23,goobne,호평점,경기도,남양주시,"경기도 남양주시 호평로69번길 3-1,1층 (호평동)",031-592-9392
24,goobne,호원1호점,경기도,의정부시,"경기도 의정부시 호원동 419 상가동 1층 104,105호(현대아파트)",031-875-0006
25,goobne,호수동점,경기도,안산시,"경기도 안산시 단원구  광덕2로 194-8,108호",031-410-9475
26,goobne,호매실점,경기도,수원시,"경기도 수원시 권선구  서수원로523번길 30-35, 101호",031-292-8294
27,goobne,호계점,경기도,,"경기도  안양시 동안구  엘에스로 45, 1층 117호(호계동, 대영골든타워)",031-452-9292
28,goobne,현풍점,대구광역시,달성군,대구광역시 달성군 현풍면 현풍중앙로14길 85,053-617-9492
29,goobne,헬리오시티점,서울특별시,송파구,"서울특별시 송파구  송파대로37길 88, 2층(석촌동)",02-422-9294
30,goobne,향동점,경기도,고양시,"경기도 고양시 덕양구  꽃내음2길 50-7 , 1층 일부호 (향동동)",02-3159-9494
31,goobne,향남지구점,경기도,화성시,"경기도 화성시 향남읍 행정서로3길 4-16, 102호",031-359-9282
32,goobne,향남2지구점,경기도,화성시,"경기도 화성시 향남읍 상신하길로298번길 7-27, 111호",031-352-4837
33,goobne,행신2호점,경기도,고양시,"경기도 고양시 덕양구  중앙로 478, 109호",031-972-9294
34,goobne,행당점,서울특별시,성동구,서울특별시 성동구  행당로 79,02-2294-9294
35,goobne,해운대중동점,부산광역시,해운대구,"부산광역시 해운대구  달맞이길65번길 15, 103호",051-701-9235
36,goobne,해남점,전라남도,해남군,전라남도 해남군 해남읍 법원길4,061-537-9494
37,goobne,함열점,전라북도,익산시,전라북도 익산시 함열읍 함열1길 28,063-862-9994
38,goobne,함안칠원점,경상남도,함안군,경상남도 함안군 칠원읍 구성길 43,055-587-9030
39,goobne,함안가야점,경상남도,함안군,경상남도 함안군 가야읍 가야로 135,055-583-9282
40,goobne,함덕점,제주특별자치도,제주시,"제주특별자치도 제주시 조천읍 조함해안로 434, 2층",064-782-5469
41,goobne,한성대점,서울특별시,성북구,"서울특별시 성북구  삼선교로2길 3,  1층(삼선동1가)",02-762-9294
42,goobne,한라초점,제주특별자치도,제주시,"제주특별자치도 제주시  연화로3길 3-1, 1층(연동)",064-745-9245
43,goobne,한남대점,대전광역시,동구,대전광역시 동구 계족로443번길 70 1층 (용전동),042-638-9492
44,goobne,학익점,인천광역시,미추홀구,"인천광역시 미추홀구 소성로 168, 1층",032-873-9922
45,goobne,학동사거리점,서울특별시,강남구,"서울특별시 강남구  도산대로50길 21,  101호(논현동)",02-518-9492
46,goobne,하월곡점,서울특별시,성북구,서울특별시 성북구 오패산로3길 122,02-941-9282
47,goobne,"하안3,4동점",경기도,광명시,경기도 광명시  하안로 254,02-893-9282
48,goobne,하복대점,충청북도,청주시,충청북도 청주시 흥덕구  죽천로 120,043-236-5594
49,goobne,하당지구점,전라남도,목포시,전라남도 목포시  옥암로96번길 14,061-285-9294
50,goobne,하늘도시1호점,인천광역시,중구,"인천광역시 중구  하늘달빛로 64번길 6-3, 스카이프자라 105호",032-746-9492
51,goobne,하남풍산점,경기도,하남시,"경기도 하남시 덕풍동로 111-10 트윈렉스1 113,114호	",031-792-9290
52,goobne,하남신장점,경기도,하남시,경기도 하남시  신평로61번길 18,031-791-9492
53,goobne,풍향산수점,광주광역시,북구,광주광역시 북구 풍향동 579-5번지,062-269-9492
54,goobne,풍덕천1동점,경기도,용인시,"경기도 용인시 수지구  수지로342번길 42, 1층(풍덕천동)",031-262-9294
55,goobne,풍납1호점,서울특별시,송파구,서울특별시 송파구  풍성로24길 40,02-474-8292
56,goobne,풍기점,경상북도,영주시,경상북도 영주시 풍기읍 기주로 89,054-637-9294/054-638-9294
57,goobne,표선점,제주도,서귀포시,제주도 서귀포시 표선면 표선중앙로 106,064-787-8295/064-787-8990
58,goobne,포항흥해점,경상북도,포항시,경상북도 포항시 북구 흥해읍 한동로 40번길 20,054-262-8294
59,goobne,포항효곡점,경상북도,포항시,"경상북도 포항시 남구  효자동길 10번길 27, 1층",054-282-9294
60,goobne,포항죽도점,경상북도,포항시,"경상북도 포항시 북구  죽파로 24, 1층",054-277-8294
61,goobne,포항오천점,경상북도,,경상북도  포항시 남구 오천읍 냉천로340번길 16,054-292-9294
62,goobne,포항양포점,경상북도,포항시,경상북도 포항시 남구  동해안로3268,054-276-9492
63,goobne,포항양덕점,경상북도,포항시,경상북도 포항시 북구 천마로 103 1층(양덕동),054-244-9494
64,goobne,포항두호우현점,경상북도,포항시,"경상북도 포항시 북구  새천년대로 1020길 12, 213동 106호",054-254-9294
65,goobne,포항동해점,경상북도,포항시,"경상북도 포항시 남구 동해면 일월로 100, 1층",054-283-9294
66,goobne,포항대이양학점,경상북도,포항시,"경상북도 포항시 북구  이동로 48-1, 205호",054-282-9559
67,goobne,포천점,경기도,포천시,경기도 포천시  원앙로 18-2,031-536-9288
68,goobne,포천일동점,경기도,포천시,경기도 포천시 일동면 기산6리 91-36,031-532-9492
69,goobne,포천운천점,경기도,포천시,경기도 포천시 영북면 운천로 6-1,031-534-9493
70,goobne,평택포승점,경기도,평택시,경기도 평택시 포승읍 도곡리 1141-17,031-684-9404
71,goobne,평택팽성점,경기도,평택시,"경기도 평택시 팽성읍 송화택지로 72, A 1층",031-656-8294
72,goobne,평택안중점,경기도,평택시,"경기도 평택시 안중읍 안중로8번길64,1층",031-682-9492
73,goobne,평촌스마트점,경기도,안양시,경기도 안양시 동안구  시민대로327번길 7,031-423-9992
74,goobne,평창장평점,강원도,평창군,"강원도 평창군 용평면 금송1길 49, 1층",033-332-4509
75,goobne,평내점,경기도,남양주시,경기도 남양주시  경춘로1286번안길 4-2,031-594-9492
76,goobne,파주교하점,경기도,파주시,경기도 파주시  책향기로 369,031-949-9484
77,goobne,파장점,경기도,수원시,"경기도 수원시 장안구  파장로 67, 1층 101호(정자동)",031-268-9492
78,goobne,퇴계원점,경기도,남양주시,"경기도 남양주시 퇴계원면 퇴계원로 94, 1층(퇴계원리 95)",031-529-9973
79,goobne,통진점,경기도,김포시,경기도 김포시 통진읍 서암리 1113 서암주공아파트 제상가동 101호,031-989-0290
80,goobne,통영죽림점,경남,통영시,경남 통영시 광도면 죽림3로 43-16,055-645-9294
81,goobne,통영도남미수점,경상남도,통영시,경상남도 통영시 해평1길 6-4  (봉평동),055-648-9294
82,goobne,"태평2,4동점",경기도,성남시,"경기도 성남시 수정구  탄리로 96번길 20, 102호",031-755-9492
83,goobne,태장우산점,강원도,원주시,"강원도 원주시 북원로2718번길 2, 1층(태장동)",033-747-9492
84,goobne,태백점,강원도,태백시,강원도 태백시  상장남길 67,033-553-9482/033-553-9488
85,goobne,탄현점,경기도,고양시,경기도 고양시 일산구 현중로 26번길 81,031-912-9492
86,goobne,칠성고성점,대구광역시,북구,대구광역시 북구  호암로 30 1층 102호(칠성동2가),053-354-9494
87,goobne,칠금문화점,충청북도,충주시,충청북도 충주시  칠금3길 16-1,043-856-8294
88,goobne,칠곡왜관점,경상북도,칠곡군,경상북도 칠곡군 왜관읍 2번도로길 64,054-972-9294
89,goobne,충효탑정점,경상북도,경주시,"경상북도 경주시  충효녹지길 6-17, 1층",054-772-8294
90,goobne,충주호암용산점,충청북도,충주시,충청북도 충주시 호암동 133-10번지 102호,043-855-9599
91,goobne,충장서남점,광주광역시,동구,광주광역시 동구  백서로 125번길 28-1,062-226-9282
92,goobne,충북증평읍점,충청북도,증평군,충청북도 증평군 증평읍 초중로 45,043-838-9482
93,goobne,충북제천1호점,충청북도,제천시,충청북도 제천시  의림대로 190,043-652-9289
94,goobne,충북옥천점,충청북도,옥천군,충청북도 옥천군 옥천읍 양수로 30-2,043-731-9279
95,goobne,충북옥산점,충청북도,청주시,충청북도 청주시 흥덕구 옥산면 가락길32,043-263-9966/043-275-9494
96,goobne,충북오창점,충청북도,청원군,"충청북도 청원군 오창읍 구룡4길6,101호",043-217-9289
97,goobne,충북괴산점,충청북도,괴산군,충청북도 괴산군 괴산읍 읍내로13길 21,043-833-9495/043-833-9497
98,goobne,충무로점,서울특별시,중구,서울특별시 중구 충무로4가 120-3 진양상가 2층,02-2268-9295
99,goobne,충무공점,경상남도,진주시,"경상남도 진주시  범골로60번길 12, 준스타워 1동 107호",055-761-9248
100,goobne,충남합덕점,충청남도,당진시,충청남도 당진시 합덕읍 미락4길 33,041-363-9272
101,goobne,충남태안점,충청남도,태안군,충청남도 태안군 태안읍 동문리 터널길 25,041-674-9252
102,goobne,충남당진점,충청남도,당진시,충청남도 당진시  읍내동 1096,041-352-9294/041-353-9294
103,goobne,충남논산점,충청남도,논산시,충청남도 논산시  내동 1169번지 101호,041-733-9282
104,goobne,춘천후평점,강원도,춘천시,"강원도 춘천시  부평길 8, 1층 우측",033-253-9952
105,goobne,춘천효자점,강원도,춘천시,강원도 춘천시 효자동 665-1,033-257-8892
106,goobne,춘천소양점,강원도,춘천시,강원도 춘천시  서부대성로47번길 4 1층 (요선동),033-243-8892
107,goobne,춘천석사점,강원도,춘천시,강원도 춘천시 석사동 642번지,033-263-9582
108,goobne,초월점,경기도,광주시,"경기도 광주시 초월읍 경충대로1127번길 55, E편한세상 B-106호",031-765-9492
109,goobne,청파점,서울특별시,용산구,서울특별시 용산구  청파로47길 17 지층 1층,02-712-9892
110,goobne,청천2동점,인천광역시,부평구,"인천광역시 부평구  평천로 158, 102호(청천동, 럭스96)",032-522-9482
111,goobne,청주용암점,충청북도,청주시,충청북도 청주시 상당구 용암동 2183번지,043-297-9289
112,goobne,청주분평점,충청북도,청주시,"충청북도 청주시 서원구  청남로 1994 , 1층 (분평동)",043-295-9277
113,goobne,청주봉명점,충청북도,청주시,"충청북도 청주시 흥덕구  덕암로 108번길 61 , 102호(봉명동)",043-272-9294
114,goobne,청주동남지구점,충청북도,청주시,"충청북도 청주시 상당구  중고개로 104,  상가2동 103호(용암동, 칸타빌 더 테라스 2단지)",043-286-0902
115,goobne,청주금천점,충청북도,청주시,충청북도 청주시 상당구  중고개로 273번길 64,043-223-9989
116,goobne,청주강서지구점,충청북도,청주시,충청북도 청주시 흥덕구  서현북로 24,043-239-8292
117,goobne,청주가경점,충청북도,청주시,"충청북도 청주시 흥덕구  경산로 28, 1층(가경동)",043-236-9294
118,goobne,청북점,경기도,평택시,경기도 평택시 청북읍 옥길리 1165-5,031-684-9004
119,goobne,청룡점,서울특별시,관악구,"서울특별시 관악구  쑥고개로 89, 1층",02-886-9294
120,goobne,청라2호점,인천광역시,서구,인천광역시 서구 경서동 981-93 1층 101호,032-565-9298
121,goobne,청라1호점,인천광역시,서구,"인천광역시 서구 청라라임로100, 104",032-568-9233
122,goobne,청담점,서울특별시,강남구,서울특별시 강남구 청담동 35-1 1층,02-541-9294
123,goobne,첨단2호점,광주광역시,북구,"광주광역시 북구  첨단연신로91번길 44, 대성빌딩 112호",062-576-9233
124,goobne,철산1.2동점,경기도,광명시,"경기도 광명시  시청로 33, 101호, 102호(철산동)",02-2682-9294
125,goobne,천호3동점,서울특별시,강동구,"서울특별시 강동구  구천면로 238, 103호",02-486-9492
126,goobne,천호1동점,서울특별시,강동구,서울특별시 강동구 천호1동 224-50번지,02-488-9492
127,goobne,천안청수점,충청남도,천안시,충청남도 천안시 동남구 청수6로105 (청수동),041-566-8294
128,goobne,천안차암점,충청남도,천안시,충청남도 천안시 서북구 차암동 435-1힐링제이타워 1층 115호,041-554-9492/041-554-9491
129,goobne,천안직산점,충청남도,천안시,"충청남도 천안시 서북구 직산읍 삼은3길 38, 102호",041-583-9482
130,goobne,천안용곡점,충청남도,천안시,충청남도 천안시 동남구  새말1길 47,041-592-8292
131,goobne,천안쌍용점,충청남도,천안시,충청남도 천안시 서북구 쌍용13길 13-2 (쌍용동),041-573-5959
132,goobne,천안신부점,충청남도,천안시,충청남도 천안시 동남구 신부동 319-37,041-555-9492
133,goobne,천안성환점,충청남도,천안시,충청남도 천안시 서북구  성환3로 38 1층,041-587-9595
134,goobne,천안성정점,충청남도,,충청남도  천안시 서북구  서부19길 4 1층 (성정동),041-578-9294
135,goobne,천안성성점,충청남도,천안시,충청남도 천안시 서북구  성성2길 54-1,041-556-9482
136,goobne,천안불당점,충청남도,천안시,"충청남도 천안시 서북구 불당25로142, 골든프라자 102, 103호 (불당동)",041-577-9492
137,goobne,천안백석점,충청남도,,"충청남도  천안시 서북구   백석4길 31, 108호",041-557-9492
138,goobne,천안두정점,충청남도,천안시,"충청남도 천안시 서북구  두정고3길 8, 1층(두정동)",041-563-9494
139,goobne,창현점,경기도,남양주시,경기도 남양주시 화도읍 경춘로창벌1길 19,031-559-9285
140,goobne,창원팔용점,경상남도,창원시,경상남도 창원시 의창구 팔용동 183-9번지,055-253-9492
141,goobne,창원중앙점,경상남도,창원시,"경상남도 창원시 성산구  용지로121번길 15, 1층",055-285-9282
142,goobne,창원소답점,경상남도,창원시,"경상남도 창원시 의창구  읍성로89번길 2, 1층 101호",055-251-8294
143,goobne,창원봉곡사림점,경상남도,창원시,경상남도 창원시 의창구  사림로 53,055-266-9492
144,goobne,창원반송점,경상남도,창원시,"경상남도 창원시 성산구  원이대로393번길 17 ,  1층 2호(반지동)",055-261-9294
145,goobne,창원명서도계점,경상남도,창원시,경상남도 창원시 의창구  도계동396-7 1층,055-276-9294
146,goobne,창원동읍점,경상남도,창원시,경상남도 창원시 의창구 동읍 용정길32번길 16,055-252-9282
147,goobne,창원대방점,경상남도,창원시,"경상남도 창원시 성산구  창이대로901번길 30 , 8동 1층 120호(대방동, 대방그린빌아파트)",055-283-9494
148,goobne,창원감계점,경상남도,창원시,"경상남도 창원시 의창구 북면 감계로 266, 204호",055-255-0770
149,goobne,창녕읍점,경상남도,창녕군,경상남도 창녕군 창녕읍  명덕로 6-1,055-533-9492
150,goobne,창5동점,서울시,도봉구,"서울시 도봉구  노해로61길 4,  지층 비101호(창동, 리솜하우스)",02-998-2292
151,goobne,창4동점,서울특별시,도봉구,"서울특별시 도봉구  노해로70길 46, 125호(창동, 19단지종합상가)",02-902-9289
152,goobne,창2동점,서울특별시,도봉구,"서울특별시 도봉구  도봉로 110다길 51,  태영 창동데시앙 아파트상가 109호",02-997-0092
153,goobne,진해웅천점,경상남도,진해시,경상남도 진해시 성내동 359-1번지,055-542-9999
154,goobne,진해용원웅동점,경상남도,진해시,경상남도 진해시 안골동 376-3,055-552-8595
155,goobne,진해석동풍호점,경상남도,창원시,"경상남도 창원시 진해구  냉천로 88, 103호",055-544-9494
156,goobne,진천읍점,충청북도,진천군,충청북도 진천군 진천읍 중앙동로 132,043-533-9492
157,goobne,진주하대초장점,경상남도,진주시,경상남도 진주시  하대로 116,055-759-9285
158,goobne,진주칠암망경점,경상남도,진주시,경상남도 진주시  진주대로 849-10,055-762-9285
159,goobne,진주신안평거점,경상남도,진주시,경상남도 진주시 신평공원길 25번길 12-13,055-748-9492/055-637-8607
160,goobne,진주상봉봉안점,경상남도,진주시,경상남도 진주시  진주성로 103,055-743-8294
161,goobne,진주상대점,경상남도,진주시,경상남도 진주시 돗골로 126-1 1층 (상대동),055-758-9282
162,goobne,진주금산점,경상남도,진주시,경상남도 진주시 금산면 중천로 74,055-761-9474
163,goobne,진주가호점,경상남도,진주시,경상남도 진주시  진주대로 568번길 8,055-752-9444
164,goobne,진접지구점,경기도,남양주시,경기도 남양주시 진접읍 해밀예당2로 117,031-529-9482
165,goobne,진안점,경기도,,"경기도  화성시  병점동로 126, 1층 101,102호",031-222-9234
166,goobne,진부점,강원도,평창군,강원도 평창군 진부면 진부중앙로 53,033-336-7889
167,goobne,진도점,전라남도,진도군,전라남도 진도군 진도읍 쌍정리 257-20,061-544-9480/061-544-9433
168,goobne,지행1호점,경기도,동두천시,경기도 동두천시  생연로9번길 23,031-867-9292
169,goobne,지세포점,경상남도,거제시,경상남도 거제시 일운면 거제대로 2471,055-681-9422
170,goobne,지산신장점,경기도,평택시,경기도 평택시  송탄공원로73 (지산동),031-666-5959
171,goobne,중화1호점,서울특별시,중랑구,서울특별시 중랑구 중화1동 295-22,02-492-8294
172,goobne,중촌목동점,대전광역시,중구,대전광역시 중구  중촌로24번길 23. 1층,042-222-9295
173,goobne,중앙반월점,경상남도,창원시,"경상남도 창원시 마산합포   3.15대로 77, 105호",055-222-9296
174,goobne,중앙고잔점,경기도,안산시,"경기도 안산시 단원구  당곡로 33,  104호(고잔동, 안산프라움씨티오피스텔)",031-414-9294
175,goobne,중산점,경기도,고양시,"경기도 고양시 일산동구  탄중로431번길 32, 1층 1호",031-975-9291
176,goobne,중동2호점,경기도,부천시,경기도 부천시 원미구 중동 1058-1,032-329-9994/032-329-9996
177,goobne,중동1호점,경기도,부천시,"경기도 부천시  중동로248번길 55 (중동, 무광프라자 109호)",032-321-2330
178,goobne,중곡4동점,서울특별시,광진구,"서울특별시 광진구  영화사로 47, 1층(중곡동, 박빌딩)",02-452-9998
179,goobne,중곡1동점,서울특별시,광진구,서울특별시 광진구  능동로 339,02-499-9294
180,goobne,중계1동점,서울특별시,노원구,"서울특별시 노원구  덕릉로 591,  1층 102호(중계동, 금화빌딩)",02-936-9492
181,goobne,죽전단국대점,경기도,용인시,"경기도 용인시 수지구  죽전로 164, 1층 102호(죽전동, 화이트존)",031-897-9494
182,goobne,주엽2동점,경기도,고양시,"경기도 고양시 일산서구  중앙로 1471, 105호",031-918-9291
183,goobne,주안3호점,인천광역시,남구,인천광역시 남구  미추홀대로 591,032-872-9294
184,goobne,주안2호점,인천광역시,미추홀구,인천광역시 미추홀구  석정로 379,032-866-0444
185,goobne,주문진읍점,강원도,강릉시,강원도 강릉시 주문진읍 항구로41-1 1층,033-662-3920
186,goobne,좌4동점,부산광역시,해운대구,"부산광역시 해운대구  세실로 174(좌동, 삼성아파트 분산상가 103호)",051-702-9482
187,goobne,"좌1,3동점",부산광역시,해운대구,"부산광역시 해운대구  대천로67번길 15, 112호",051-747-9266/051-704-9201
188,goobne,종암점,서울특별시,성북구,"서울특별시 성북구  종암로 19길 46, 103호",02-953-9192
189,goobne,종로4가점,서울특별시,종로구,"서울특별시 종로구 창경궁로 113, 1층",02-747-9294
190,goobne,조치원점,세종특별자치시,,"세종특별자치시  조치원읍   충현로 72,삼일상가@110호",044-865-8292
191,goobne,제천하소점,충청북도,제천시,충청북도 제천시  용두대로15가길 13,043-643-9294
192,goobne,제주한림점,제주도,제주시,제주도 제주시 한림읍 한림로 653,064-796-9454
193,goobne,제주중문점,제주도,서귀포시,제주도 서귀포시  천제연로 183-1,064-738-9280
194,goobne,제주외도점,제주도,제주시,"제주도 제주시  우정로18길 12, 1층",064-743-9294
195,goobne,제주영어도시점,제주도,서귀포시,제주도 서귀포시 대정읍 에듀시티로 23 상가동 105호,064-792-8293
196,goobne,제주연동점,제주도,제주시,제주도 제주시 연동 274-21,064-747-9280
197,goobne,제주아라점,제주도,제주시,제주도 제주시 아라1동  1718-3 원신아파트 상가 1층,064-702-9294
198,goobne,제주신촌점,제주도,제주시,"제주도 제주시 조천읍 신북로 99, 1층",064-721-4161
199,goobne,제주신시가지점,제주도,서귀포시,제주도 서귀포시  신서로 55 강정상록아파트 상가,064-739-9294
200,goobne,제주동홍점,제주도,서귀포시,제주도 서귀포시  일주동로 8588,064-733-8292
201,goobne,제주노형점,제주도,제주시,제주도 제주시  정존13길 14,064-746-8292
202,goobne,정자마을점,경기도,성남시,"경기도 성남시 분당구  내정로 54,  나상가동 1층 104호(정자동, 한솔마을주공6단지아파트)",031-716-9949
203,goobne,정자1동점,경기도,성남시,"경기도 성남시 분당구  내정로119번길 17,  1(일부)층 102호(정자동)",031-715-8294
204,goobne,정읍수성점,전라북도,정읍시,전라북도 정읍시  수성택지4길 4(수성동),063-537-9992
205,goobne,정읍상동점,전라북도,정읍시,전라북도 정읍시  학산로 127-31(상동),063-532-9294
206,goobne,"정왕3,4동점",경기도,시흥시,"경기도 시흥시  정왕신길로49번길 28 107호(정왕동 1875-2, 미주아파트상가)",031-488-9492
207,goobne,정왕1동점,경기도,시흥시,"경기도 시흥시  봉우재로 10,  1층 일부호(정왕동)",031-488-9294
208,goobne,정발산점,경기도,고양시,경기도 고양시 일산동구  산두로 239,031-925-3892
209,goobne,정릉역점,서울특별시,성북구,"서울특별시 성북구 정릉로 26길 8, 제상가동 1층",02-943-9294
210,goobne,정릉1호점,서울특별시,성북구,서울특별시 성북구  보국문로16길 74,02-919-9294
211,goobne,정관신도시점,부산광역시,기장군,"부산광역시 기장군 정관읍 정관로 595, 110호",051-728-9494
212,goobne,정관모전점,부산광역시,기장군,"부산광역시 기장군 정관면 정관로 350, 323동 B101호 (이지더원3차)",051-723-9292
213,goobne,전주평화점,전라북도,전주시,전라북도 전주시 완산구  평화로 139,063-287-9494
214,goobne,전주진북점,전라북도,전주시,전라북도 전주시 덕진구 진북동 434-45번지,063-272-8294
215,goobne,전주인후점,전라북도,전주시,전라북도 전주시 덕진구  견훤로 320 1층,063-243-9294
216,goobne,전주에코시티점,전라북도,전주시,"전라북도 전주시 덕진구  세병로74, 212동 1층 101호",063-278-9494
217,goobne,전주아중점,전라북도,전주시,전라북도 전주시 덕진구  무삼지로 53,063-246-9294
218,goobne,전주서신점,전라북도,전주시,전라북도 전주시 완산구  전룡로 28,063-274-9294
219,goobne,전주삼천점,전라북도,전주시,"전라북도 전주시 완산구  난전들로258, 1층 5호 (삼천동1가)",063-225-9294
220,goobne,전주만성점,전라북도,전주시,"전라북도 전주시 덕진구  만성중앙로 53-37, 1층 103호",063-211-9294
221,goobne,전북혁신도시점,전라북도,완주군,"전라북도 완주군 이서면  출판로 42 , 101호",063-229-9294
222,goobne,전남화순점,전라남도,화순군,전라남도 화순군 화순읍 광덕리 305번지,061-375-9294
223,goobne,전남장흥점,전라남도,장흥군,전라남도 장흥군 장흥읍 장흥로 76-10 1층 104호,061-863-8592
224,goobne,전남영암점,전라남도,영암군,전라남도 영암군 영암읍 중앙로 16,061-473-8245
225,goobne,전남영광점,전라남도,영광군,전라남도 영광군 영광읍 옥당로 123,061-353-9294
226,goobne,전남나주점,전라남도,나주시,"전라남도 나주시   중앙로 20,  1층, 오른쪽 첫번째칸(남내동 )",061-334-3070
227,goobne,전남광양읍점,전라남도,광양시,전라남도 광양시 광양읍 유당로 43,061-763-9553 / 061-763-9552
228,goobne,전남강진점,전라남도,강진군,전라남도 강진군 강진읍 보은로1길 25,061-433-9392
229,goobne,전곡점,경기도,연천군,경기도 연천군 전곡읍 은전로86번길 18,031-835-9492
230,goobne,장항점,경기도,고양시,경기도 고양시 일산동구  중앙로 1129  호수마을 1단지 제중관동 1층 1058호,031-907-7775
231,goobne,장천산동점,경상북도,구미시,"경상북도 구미시 산동면 산호대로39길16, 1동 101호",054-476-9285
232,goobne,장지역점,서울특별시,송파구,서울특별시 송파구  새말로143 1층 (문정동),02-430-9294
233,goobne,장안2동점,서울특별시,동대문구,서울특별시 동대문구  사가정로25길 22-3 1층(장안동),02-2247-9393
234,goobne,장안1동점,서울특별시,동대문구,"서울특별시 동대문구  장한로9길 16, 1층",02-2244-9299
235,goobne,장성창포점,경상북도,포항시,경상북도 포항시 북구  대곡로 10,054-252-9595
236,goobne,장성읍점,전라남도,장성군,전라남도 장성군 장성읍 청운길 9-1,061-392-9492
237,goobne,장기감삼점,대구광역시,달서구,대구광역시 달서구 장기동 528,053-523-9492
238,goobne,장곡장현점,경기도,시흥시,"경기도 시흥시  장곡북로 43,  근린생활시설동 1층 5호(장곡동, 시흥장현 루벤시아 1차)",031-362-5892
239,goobne,잠원한강점,서울특별시,서초구,"서울특별시 서초구  강남대로95길 47-4,  1층 2호(잠원동)",02-545-9666
240,goobne,잠실본동점,서울특별시,송파구,서울특별시 송파구 잠실본동 222-10 1층,02-417-9290
241,goobne,잠실2호점,서울특별시,송파구,서울특별시 송파구  석촌호수로 135,02-414-9294
242,goobne,잠실1호점,서울특별시,송파구,서울특별시 송파구  올림픽로 35길 104-108,02-412-9492
243,goobne,작전서운점,인천광역시,계양구,인천광역시 계양구  까치말로45번길 10,032-545-8294
244,goobne,작전2동점,인천광역시,계양구,"인천광역시 계양구  계양대로 120번길 7, 102호",032-541-9294
245,goobne,자운점,대전광역시,유성구,대전광역시 유성구 신봉동 5-2 창조레스텔 1층,042-862-9282042-862-9284
246,goobne,자양점,서울특별시,,"서울특별시  광진구 자양3동 뚝섬로41길 8, B동 1층",02-458-9221
247,goobne,임학점,인천광역시,계양구,"인천광역시 계양구  계양산로 216번길 14, 103호",032-546-9294
248,goobne,일신부개점,인천광역시,부평구,인천광역시 부평구  경인로 1002번길 34-1,032-517-9229
249,goobne,일산풍동점,경기도,고양시,"경기도 고양시 일산구  고풍로 72-41, 104호",031-932-9492
250,goobne,일산식사점,경기도,고양시,"경기도 고양시 일산구  위시티3로 75, 1층",031-962-9492
251,goobne,일산가좌점,경기도,고양시,"경기도 고양시 일산서구  가좌3로 11,  1층 101호, 102호(가좌동, 오성프라자)",031-922-8294
252,goobne,일도동광초점,제주도,제주시,제주도 제주시  연수로3길 7,064-752-5592
253,goobne,일광신도시점,부산광역시,기장군,"부산광역시 기장군 일광면 해빛로 39-14, 1층 102호",051-723-9293
254,goobne,인헌점,서울특별시,관악구,서울특별시 관악구  인헌길 43,02-888-9492
255,goobne,인천주안1호점,인천광역시,미추홀구,"인천광역시 미추홀구 석바위로 112, 1층",032-434-9495
256,goobne,인천원당점,인천광역시,서구,"인천광역시 서구 당하동 1030-1, 106호",032-562-9492
257,goobne,인천운남점,인천광역시,중구,"인천광역시 중구   숲쟁이로 12, 상가동 B1호 (운남동, e편한세상 영종하늘도시)",032-752-9295
258,goobne,인천용현2점,인천광역시,남구,인천광역시 남구  낙섬중로 72,032-884-9288
259,goobne,인천연희점,인천광역시,서구,인천광역시 서구 심곡동 336-4번지 1층 103호,032-566-9794
260,goobne,인천신포점,인천광역시,중구,인천광역시 중구  신포로23번길 35-1,032-765-9494
261,goobne,인천숭의점,인천광역시,남구,인천광역시 남구  수봉로 6-15,032-884-8294
262,goobne,인천석남점,인천광역시,서구,인천광역시 서구  석남로 78,032-581-3100
263,goobne,인천검단점,인천광역시,서구,인천광역시 서구 마전동 903-12번지 101호,032-564-1001
264,goobne,인창1호점,경기도,구리시,경기도 구리시 인창동 383-54번지 1층,031-515-9449
265,goobne,인제점,강원도,인제군,강원도 인제군 인제읍 상동리 296-8,033-461-9494/033-461-2517
266,goobne,인계동수원점,경기도,수원시,"경기도 수원시 팔달구  중부대로 192,1층(인계동 167-8)",031-217-9294
267,goobne,익산황등점,전라북도,익산시,전라북도 익산시 황등면 황등중앙로 21,063-858-9492
268,goobne,익산영등점,전라북도,익산시,전라북도 익산시 고봉로32길 7  1층 (영등동),063-833-9288
269,goobne,익산어양점,전라북도,익산시,전라북도 익산시 무왕로19길 36 1층,063-835-1199
270,goobne,익산신동점,전북,익산시,전북 익산시 익산대로68길 26,063-837-9494
271,goobne,익산부송점,전라북도,익산시,"전라북도 익산시  무왕로26길 21, 1층(부송동)",063-832-9288
272,goobne,익산모현점,전라북도,익산시,전라북도 익산시  선화로3길 39-15,063-858-8998
273,goobne,익산동산점,전라북도,익산시,전라북도 익산시 중앙로166-1 1층 (마동),063-842-8998/063-842-8008
274,goobne,이태원점,서울특별시,용산구,서울특별시 용산구  우사단로12길 18,02-792-9291
275,goobne,이충장당점,경기도,평택시,경기도 평택시 송탄로 190 1층(서정동),031-664-9492
276,goobne,이천하이닉스점,경기도,이천시,"경기도 이천시 부발읍 경충대로2092번길31, 1층 109호",031-635-9492
277,goobne,이천점,경기도,이천시,경기도 이천시  이섭대천로 1381,031-638-0655
278,goobne,이천관고점,경기도,이천시,"경기도 이천시  영창로 149, 1층(관고동)",031-638-9298
279,goobne,이시아폴리스점,대구광역시,동구,"대구광역시 동구  팔공로 250, 118호",053-981-9812
280,goobne,이문2호점,서울특별시,동대문구,서울특별시 동대문구 이문동 345-7번지,02-966-9294
281,goobne,이문1호점,서울특별시,동대문구,서울특별시 동대문구  신이문로 38,02-967-2827
282,goobne,이매점,경기도,성남시,경기도 성남시 분당구 이매동 91-1번지 102호,031-706-1567
283,goobne,이대역점,서울시,마포구,"서울시 마포구  신촌로 196, 1층 101호(염리동)",02-718-9982
284,goobne,의정부용현점,경기도,의정부시,"경기도 의정부시 (용현동) 용민로 75-27, 1층 굽네치킨",031-851-8694
285,goobne,의정부동점,경기도,의정부시,경기도 의정부시  신흥로 196,031-875-9492
286,goobne,의정부녹양점,경기도,의정부시,경기도 의정부시 녹양동 326-2,031-829-9244
287,goobne,의왕오전점,경기도,의왕시,경기도 의왕시  오전동길 25,031-399-5599
288,goobne,의왕삼동부곡점,경기도,의왕시,경기도 의왕시  솔밭길 18-4,031-462-9297/031-462-9298
289,goobne,응암1호점,서울특별시,은평구,"서울특별시 은평구   응암로22길 7-1, 1층",02-353-9492
290,goobne,음성혁신1호점,충청북도,음성군,충청북도 음성군 맹동면 용두2나길 12,043-883-9294
291,goobne,은행선화점,대전광역시,중구,대전광역시 중구  대종로549번길 14,042-254-8292
292,goobne,은행동점,경기도,성남시,경기도 성남시 중원구 은행동 701번지 1층,031-742-9295
293,goobne,은평뉴타운점,서울특별시,은평구,"서울특별시 은평구  진관4로 78-8, 701동 104호",02-388-9492
294,goobne,은천점,서울특별시,관악구,"서울특별시 관악구  은천로 61, 1층",02-883-9495
295,goobne,은계지구점,경기도,시흥시,"경기도 시흥시 은계호수로 49, 1층 1085호(은행동, 시흥 센트롤돔그랑트리)",031-317-9492
296,goobne,율량사천점,충북,청주시,"충북 청주시 청원구  율천북로 55, 1층",043-213-9294
297,goobne,율량2지구점,충청북도,청주시,충청북도 청주시 청원구 주성로 289,043-241-9282
298,goobne,유천점,대전광역시,중구,대전광역시 중구 태평로26번길 50,042-523-9492
299,goobne,유성온천점,대전광역시,유성구,"대전광역시 유성구  대학로 45,  스카이뷰로드 104호",042-826-8294
300,goobne,유가점,대구광역시,달성군,대구광역시 달성군 유가읍 테크노중앙대로6길 20,053-616-9482
301,goobne,위례1호점,경기도,성남시수정구,"경기도 성남시수정구 위례광장로 45, 1층 102호",031-751-9294
302,goobne,월피점,경기도,안산시,"경기도 안산시 상록구 안산천서로5길 27, 1층",031-405-9492
303,goobne,월계2동점,서울특별시,노원구,서울특별시 노원구 월계동 776 월계프라자 104호,02-906-9294
304,goobne,원통점,강원도,인제군,강원도 인제군 북면 원통로147번길 41,033-461-0002
305,goobne,원주혁신점,강원도,원주시,"강원도 원주시  황금로 13, 201호",033-731-9488
306,goobne,원주단구점,강원도,원주시,"강원도 원주시  단구로 414, 1층 102호",033-761-9258
307,goobne,원주기업도시점,강원도,원주시,"강원도 원주시 지정면 신지정로 197-5, 1층 102호",033-747-9294
308,goobne,원내점,대전광역시,유성구,대전광역시 유성구  진잠로78번길 63 1층 (원내동),042-543-9295
309,goobne,원곡본동점,경기도,안산시,경기도 안산시 단원구  화랑로 28,031-495-9482
310,goobne,울산호계점,울산광역시,북구,"울산광역시 북구  호계매곡4로 42, 1층",052-286-9984
311,goobne,울산정자해변점,울산광역시,북구,"울산광역시 북구  강동산하2로 7,  201동 1층 107호",052-944-9494
312,goobne,울산일산점,울산광역시,동구,울산광역시 동구  대학길 162,052-251-9295
313,goobne,울산온양점,울산광역시,울주군,울산광역시 울주군 온양읍 대안리415-19번지,052-239-9282
314,goobne,울산온산점,울산광역시,울주군,울산광역시 울주군 온산읍 덕남로 17 (1층),052-238-9295
315,goobne,울산옥동신정1호점,울산광역시,남구,울산광역시 남구 옥동 1405-27번지,052-273-9282
316,goobne,울산언양점,울산광역시,울주군,울산광역시 울주군 언양읍 남문길 20 1층,052-263-6622
317,goobne,울산야음점,울산광역시,남구,울산광역시 남구  야음동 693-5,052-269-0004/052-269-0023
318,goobne,울산신정3호점,울산광역시,남구,울산광역시 남구 신정5동 265-50번지,052-268-9294
319,goobne,울산송정점,울산광역시,북구,울산광역시 북구  화동로 16 (1층),052-287-9294
320,goobne,울산성안점,울산광역시,중구,울산광역시 중구  백양로 14,052-246-6994
321,goobne,울산삼호점,울산광역시,남구,울산광역시 남구 무거동 1447-9호,052-222-9242
322,goobne,울산삼산점,울산광역시,남구,"울산광역시 남구  돋질로 334, 1층",052-276-9255/052-276-9256
323,goobne,울산복산점,울산광역시,중구,울산광역시 중구  화합로 498,052-297-9294
324,goobne,울산방어꽃바위점,울산광역시,동구,울산광역시 동구  화문로 41,052-201-9940
325,goobne,울산반구점,울산광역시,중구,"울산광역시 중구  화합로 388, 1호",052-298-8294
326,goobne,울산무거점,울산광역시,남구,울산광역시 남구  신복로7 1층,052-249-9482
327,goobne,울산달동점,울산광역시,남구,"울산광역시 남구  번영로89번길 23,  101호",052-266-9582
328,goobne,울산다운점,울산광역시,중구,울산광역시 중구  다운로 64,052-903-1173
329,goobne,울산농소1호점,울산광역시,북구,울산광역시 북구 매곡1로 55-23,052-293-8294
330,goobne,울산남목점,울산광역시,동구,울산광역시 동구  미포3길 35,052-252-9929
331,goobne,운정3호점,경기도,파주시,"경기도 파주시  가람로 6, 103호",031-944-9392
332,goobne,운정2호점,경기도,파주시,"경기도 파주시  한울로 84,  518동 102호(동패동, 휴먼시아 한울마을)",031-948-9282
333,goobne,운정1호점,경기도,파주시,"경기도 파주시  가온로 27, 월드아파트상가 108호",031-948-6692
334,goobne,운양점,경기도,김포시,"경기도 김포시  김포한강11로 288-27,  1층 굽네치킨",031-988-8294
335,goobne,운서점,인천광역시,중구,인천광역시 중구  영종대로 124 (102호 운서동),032-747-0992
336,goobne,우정태화점,울산광역시,중구,울산광역시 중구  태화로 263,052-246-9982
337,goobne,우장산동점,서울특별시,강서구,"서울특별시 강서구  화곡31길 18, 1층 3호",02-2607-9960
338,goobne,우아호성점,전라북도,전주시,전라북도 전주시 덕진구  우아로28,063-246-9280
339,goobne,우만1동점,경기도,수원시,경기도 수원시 팔달구  세지로 440,031-216-8899
340,goobne,우도점,제주도,제주시,"제주도 제주시 우도면 우도해안길 800, 1층",064-782-0723
341,goobne,용호메트로점,부산광역시,남구,"부산광역시 남구  용호로90번길 12-4, A-103호",051-628-9492
342,goobne,용현1호점,인천광역시,남구,인천광역시 남구 용현동 2-9,032-868-9242
343,goobne,용인죽전1호점,경기도,용인시,경기도 용인시 수지구 죽전동 425-2번지 108호,031-263-9294
344,goobne,용인역북점,경기도,용인시,"경기도 용인시 처인구 역북동 명지로40번길 35-16,상가동 지1층",031-339-9294
345,goobne,용인양지점,경기도,용인시,"경기도 용인시 처인구  양지로 143번길 5-5 1층 1,2호",031-338-8595
346,goobne,용인성복점,경기도,용인시,경기도 용인시 수지구 성복동 134번지 302호,031-272-9494
347,goobne,용인서천점,경기도,용인시,경기도 용인시 기흥구  서천동로83번길 4-10,031-202-9293
348,goobne,용인보라점,경기도,용인시,"경기도 용인시 기흥구  한보라1로 42-4., 105호",031-285-8295
349,goobne,용인둔전점,경기도,용인시,경기도 용인시 처인구 포곡읍 둔전리 405-19 105호,031-333-2336
350,goobne,용인동천점,경기도,용인시,"경기도 용인시 수지구  수풍로117번길 2-2, 102호",031-266-9254
351,goobne,용인김량장동점,경기도,용인시,"경기도 용인시 처인구 중부대로 1393, 1층 3호",031-334-9256
352,goobne,용인구성점,경기도,용인시,경기도 용인시 기흥구  마북로 98,031-275-9299
353,goobne,용인강남대점,경기도,용인시,"경기도 용인시 기흥구 강남로 12, 108, 109호(구갈동, 스카이프라자)",031-287-9295
354,goobne,용이동점,경기도,평택시,"경기도 평택시  현신3길 4, 102호",031-651-9295
355,goobne,용운판암점,대전광역시,동구,대전광역시 동구  새울로91번길2,042-272-9200
356,goobne,용산용문점,서울특별시,용산구,"서울특별시 용산구  새창로 119, 1층",02-711-9294
357,goobne,용산역점,서울특별시,용산구,서울특별시 용산구 한강로2가 255-1,02-6369-9294
358,goobne,용두신설점,서울특별시,동대문구,서울특별시 동대문구  안암로 40,02-953-9294
359,goobne,"용당용호2,4동점",부산광역시,남구,"부산광역시 남구  용호로216번가길 10 상가동 1층 105호 (용호동, 용호예가)",051-612-0094
360,goobne,용담점,제주도,제주시,제주도 제주시  용담로 70,064-725-8892
361,goobne,완주삼례점,전라북도,완주군,전라북도 완주군 삼례읍 삼봉로 117,063-291-9293
362,goobne,완월자산점,경상남도,창원시,경상남도 창원시 마산합포  고운로 181,055-221-9294
363,goobne,완도점,전라남도,완도군,전라남도 완도군 완도읍 가용리 1062-4,061-555-1192
364,goobne,와동점,경기도,안산시,경기도 안산시 단원구  753-9 번지 1층,031-485-9294
365,goobne,온천3동점,부산광역시,동래구,부산광역시 동래구  충렬대로86번길 31,051-502-8005
366,goobne,온의퇴계점,강원도,춘천시,강원도 춘천시 온의동 541-3번지,033-256-8892
367,goobne,옥정지구점,경기도,양주시,경기도 양주시  옥정동로5길 49,031-857-9294
368,goobne,옥산정평점,경상북도,경산시,경상북도 경산시  성암로 21길 43,053-802-9494
369,goobne,옥련점,인천광역시,연수구,인천광역시 연수구  청량로239번길 11,032-834-8294
370,goobne,옥길지구점,경기도,부천시,경기도 부천시 양지로184번길 7-6 1층 (옥길동),032-343-9294
371,goobne,옥곡백천점,경상북도,경산시,"경상북도 경산시  백천동로 7,  상가동 108호(백천동, 부영초록마을)",053-801-9494
372,goobne,옥계구포점,경상북도,구미시,경상북도 구미시  산호대로 25길 25-38,054-476-9492
373,goobne,오포점,경기도,광주시,경기도 광주시  양벌로 295,031-769-9479
374,goobne,오태북삼점,경상북도,칠곡군,경상북도 칠곡군 북삼읍 북삼로 109,054-973-9580
375,goobne,오창2산단점,충북,청주시,"충북 청주시 청원구  오창읍 2산단로 185-1, 102호",043-214-9492
376,goobne,오송점,충청북도,,충청북도  청주시 흥덕구 오송읍 만수길 14-4,043-231-4308
377,goobne,오산중앙점,경기도,오산시,경기도 오산시  경기대로 333번길 31,031-376-9492
378,goobne,오산원동점,경기도,오산시,"경기도 오산시  오산로 164,  1층 103호(원동, 양우프라자)",031-373-9492
379,goobne,오산신장점,경기도,오산시,경기도 오산시  오산로348번길 3,031-372-3006
380,goobne,오목천점,경기도,수원시,경기도 수원시 권선구  온정로 8 1층 (오목천동),031-291-9229
381,goobne,오류2동점,서울시,구로구,"서울시 구로구 오류로 61, 1층 101호(오류동, 청담파우제)",02-2135-8294
382,goobne,오금점,서울특별시,송파구,서울특별시 송파구  성내천로88 1층 103호 (오금동),02-409-9492
383,goobne,예산읍점,충청남도,예산군,충청남도 예산군 예산읍 역전로140번길21,041-333-9255
384,goobne,예산삽교읍점,충청남도,예산군,충청남도 예산군 삽교읍 삽교로 88,041-338-9492
385,goobne,영평점,제주특별자치도,제주시,"제주특별자치도 제주시  기와4길 14-3, 1층(영평동)",064-702-5555
386,goobne,영통2동점,경기도,수원시,"경기도 수원시 영통구  영통로 237,  B2층 B205호(신동, 에이스 하이엔드 타워 영통)",031-273-8080
387,goobne,영통1동점,경기도,수원시,경기도 수원시 영통구  반달로 7번길 40,031-202-9942
388,goobne,영천동부점,경상북도,영천시,"경상북도 영천시  창신1길 42, 301동 1층 3호",054-335-8259
389,goobne,영주휴천점,경상북도,영주시,경상북도 영주시  지천로 108,054-636-9492
390,goobne,영주대청점,부산광역시,중구,부산광역시 중구  동영로 24,051-465-9492
391,goobne,영주가흥점,경상북도,영주시,경상북도 영주시 가흥동 1810-1번지 1층 굽네치킨 (영주시 대학로 209),054-633-9294
392,goobne,영월점,강원도,,강원도  영월군  영월읍  중앙로 13,033-372-1235
393,goobne,영암삼호점,전라남도,영암군,"전라남도 영암군 삼호읍 삼호중앙로 234, 나동 1층",061-463-9492
394,goobne,영등포구청역점,서울특별시,영등포구,"서울특별시 영등포구  양산로 131-2, 1층",02-2675-9294
395,goobne,영동읍점,충청북도,영동군,충청북도 영동군 영동읍 계산리 588-36,043-743-8294
396,goobne,영덕읍점,경상북도,영덕군,경상북도 영덕군 영덕읍 남석리 23번지,054-733-9246/054-734-2185
397,goobne,영덕영해점,경상북도,영덕군,경상북도 영덕군 영해면 성내리 481-3,054-734-9292
398,goobne,염창역점,서울특별시,양천구,"서울특별시 양천구  공항대로 644, 지앤빌딩",02-2648-9294
399,goobne,연일유강점,경북,포항시,"경북 포항시 남구 연일읍 철강로 25번길 60, 1층",054-286-1399
400,goobne,연신내점,서울시,은평구,서울시 은평구  통일로 877 1층,02-353-9253
401,goobne,연수교현점,충청북도,충주시,충청북도 충주시  갱고개로 39,043-846-8292
402,goobne,연수3동선학점,인천광역시,연수구,인천광역시 연수구 선학동 376-5 1층 남서쪽상가 2칸,032-815-8293
403,goobne,연수1동점,인천광역시,연수구,인천광역시 연수구  먼우금로264번길 12 1층,032-814-9482
404,goobne,연산2호점,부산광역시,연제구,"부산광역시 연제구  중앙천로 35, 1층(연산동)",051-852-9492
405,goobne,연산1동점,부산광역시,연제구,부산광역시 연제구 연산동 615-10,051-867-9495/051-868-9495
406,goobne,연무점,충청남도,논산시,충청남도 논산시 연무읍 연무로 180-1,041-741-9492
407,goobne,연남점,서울특별시,마포구,서울특별시 마포구  동교로27길 91,02-334-9482
408,goobne,역촌점,서울특별시,은평구,서울특별시 은평구  연서로 49,02-387-9294
409,goobne,역삼2동점,서울특별시,강남구,서울특별시 강남구  도곡로27길6 1층 (역삼동),02-566-9294
410,goobne,역삼1동점,서울특별시,강남구,"서울특별시 강남구  역삼로 129 ,104호",02-558-9995
411,goobne,역곡점,경기도,부천시,경기도 부천시 원미구 역곡동 110-8번지,032-342-8294
412,goobne,여주점,경기도,여주시,경기도 여주시  여흥로 108,031-886-9492
413,goobne,여좌중앙점,경상남도,창원시,경상남도 창원시 진해구  충장로41,055-541-2222
414,goobne,여의도1호점,서울특별시,영등포구,서울특별시 영등포구  국회대로 66길 23 105호,02-784-9492
415,goobne,여월도당점,경기도,부천시,"경기도 부천시 부천로366번길 86,106호 (도당동 베네스트로즈)",032-672-9294
416,goobne,여수죽림점,전라남도,여수시,전라남도 여수시 소라면 죽림중앙로 33,061-692-9494
417,goobne,여수웅천점,전라남도,여수시,전라남도 여수시  웅천로 19-9 103호,061-685-9294
418,goobne,여수여천점,전라남도,여수시,전라남도 여수시  망마로 102,061-686-0017
419,goobne,여수여서점,전라남도,여수시,전라남도 여수시  여문1로 28,061-654-3633
420,goobne,여수봉산국동점,전라남도,여수시,전라남도 여수시  대교로 26 (봉산동),061-642-9939
421,goobne,여수미평점,전라남도,여수시,전라남도 여수시  양지1길 6-14,061-654-9492
422,goobne,여수문수점,전라남도,여수시,"전라남도 여수시  문수로 68, 1층(문수동)",061-651-0017
423,goobne,여수무선점,전라남도,여수시,전라남도 여수시  화산1길 7,061-692-6767
424,goobne,여수돌산점,전라남도,여수시,전라남도 여수시 돌산읍 우두리 1056-1,061-644-8253
425,goobne,여수관문점,전라남도,여수시,전라남도 여수시 충무동 463-1번지,061-641-9494
426,goobne,에코메트로점,인천광역시,남동구,"인천광역시 남동구  소래역남로16번길 75,  에코메트로3차 더타워상가 1층 111-3호",032-433-1829
427,goobne,양평점,경기도,양평군,경기도 양평군 양평읍 한빛길4,031-774-9992
428,goobne,양평용문점,경기도,양평군,경기도 양평군 용문면 용문로375,031-772-8894
429,goobne,양주삼숭고읍점,경기도,양주시,경기도 양주시  삼숭로 157 106호(삼숭동),031-844-8292
430,goobne,양주백석점,경기도,양주시,경기도 양주시 벡석읍 호명로 92,031-875-9288
431,goobne,양주덕계점,경기도,양주시,경기도 양주시 덕계동 473-4번지,031-868-9492
432,goobne,양정염포점,울산광역시,북구,울산광역시 북구  염포로 563,052-289-9282
433,goobne,양재1동점,서울특별시,서초구,서울특별시 서초구 바우뫼로41길 8 102호 (양재동),02-577-9492
434,goobne,양양점,강원도,양양군,강원도 양양군 양양읍 남문로15,033-673-9575
435,goobne,양산증산점,경상남도,양산시,"경상남도 양산시 물금읍 물금로 159, 1층",055-386-9295
436,goobne,양산신도시점,경상남도,양산시,"경상남도 양산시  양주로 38, 1층 108호",055-365-8892
437,goobne,양산석산점,경상남도,양산시,"경상남도 양산시 동면 금오12길 4-5, 1층",055-366-9492
438,goobne,양산서창점,경상남도,양산시,경상남도 양산시 삼호동 794-1 1층,055-363-9282
439,goobne,양산범어점,경상남도,양산시,경상남도 양산시 물금읍 범구로 17,055-365-8294
440,goobne,양산물금점,경상남도,양산시,"경상남도 양산시 물금읍 버들길 36, 1층",055-382-9982
441,goobne,양산덕계점,경상남도,양산시,경상남도 양산시  배움터길 20,055-362-9282
442,goobne,양구점,강원도,양구군,강원도 양구군 양구읍 중심로 184-1,033-482-5092
443,goobne,양곡점,경기도,김포시,"경기도 김포시  양촌읍 양곡2로 30, 106호",031-987-9492
444,goobne,야탑3동점,경기도,성남시분당구,경기도 성남시분당구  벌말로 29번길 18,031-781-9294
445,goobne,"야탑1,2동점",경기도,성남시,경기도 성남시 분당구  판교로 443,031-708-5777
446,goobne,애월점,제주특별자치도,제주시,"제주특별자치도 제주시 애월읍 고내로 11길 30, 2층",064-799-8294
447,goobne,압량조영점,경상북도,경산시,경상북도 경산시 압량면 청운1로 89,053-817-8295
448,goobne,암사3동점,서울특별시,강동구,서울특별시 강동구  암사길 88,02-428-9294
449,goobne,알펜시아점,강원도,평창군,강원도 평창군 대관령면 솔봉로 325,033-339-0146
450,goobne,안지랑점,대구광역시,남구,"대구광역시 남구  대명로 177,  1층 13호(대명동, 동신맨션)",053-657-8194
451,goobne,안양중앙시장점,경기도,안양시,경기도 안양시 만안구  냉천로 193번길 42 안양4동 711-120,031-466-9292
452,goobne,안양박달점,경기도,안양시,경기도 안양시 만안구  박달로 506,031-442-9294
453,goobne,안양관양점,경기도,안양시,경기도 안양시 동안구 관양1동 1386-18번지,031-387-6661
454,goobne,안양7동점,경기도,안양시,"경기도 안양시 만안구  태평로 52번길 37, 지상 1층 110호",031-465-9234
455,goobne,안성한경대점,경기도,안성시,"경기도 안성시  중앙로 274-7,  상가동 102호(석정동, 한빛마을우남퍼스트빌)",031-672-9492
456,goobne,안산한양대점,경기도,안산시,경기도 안산시 상록구  사동 1550-8,031-415-8295
457,goobne,안산초지점,경기도,안산시,경기도 안산시 단원구 초지동 742-9번지 메가쇼핑 113호,031-484-9244
458,goobne,안산일동점,경기도,안산시,"경기도 안산시 상록구 일동 구룡로 33, 102호",031-417-9482
459,goobne,안산성포점,경기도,안산시,경기도 안산시 상록구 성포동 592-2번지 현대@상가 112동 107호,031-486-9594
460,goobne,안동중앙점,경상북도,안동시,경상북도 안동시  안기천로 46 1층 103호(당북동),054-842-9696
461,goobne,안동용상점,경상북도,안동시,경상북도 안동시  경동로 908,054-821-8294
462,goobne,안동1호점,경상북도,안동시,경상북도 안동시  경동로 349,054-858-9285
463,goobne,아산탕정점,충청남도,아산시,"충청남도 아산시 탕정면 명암리 939-10, 101호",041-542-9492
464,goobne,아산장재점,충청남도,아산시,"충청남도 아산시  용연로 71,  103호",041-532-9482
465,goobne,아산용화점,충청남도,아산시,충청남도 아산시  온중로 39,041-532-9294
466,goobne,아산신창점,충청남도,아산시,충청남도 아산시 신창면 서부북로920 1층,041-542-8294
467,goobne,아산둔포테크노벨리점,충청남도,아산시,"충청남도 아산시  아산밸리중앙로 67, 이지더원아파트 414동 B108,",041-547-9294
468,goobne,아산권곡점,충청남도,아산시,"충청남도 아산시  청운로 146번길 2, 201호",041-533-9492
469,goobne,쌍문점,서울특별시,도봉구,"서울특별시 도봉구  도봉로 139길 74, 1층",02-992-4555
470,goobne,심곡점,경기도,부천시,"경기도 부천시  신흥로 22,  1층 105호(심곡동, 스카이파크)",032-612-9494
471,goobne,신흥약대점,경기도,부천시,경기도 부천시 원미구  약대동 118,032-678-9294
472,goobne,신현점,경기도,광주시,"경기도 광주시 오포읍 신현로 74, 101호",031-712-9294
473,goobne,신현원창점,인천광역시,서구,인천광역시 서구 가정동 515-1,032-577-9294
474,goobne,신평비산점,경상북도,구미시,경상북도 구미시  비산로21 상가동 1층 103호 (비산동),054-453-0092
475,goobne,신탄진점,대전광역시,대덕구,대전광역시 대덕구  덕암로 255,042-936-9492
476,goobne,신촌점,서울특별시,서대문구,서울특별시 서대문구  연세로 42-32,02-312-9494
477,goobne,신창신가점,광주광역시,광산구,광주광역시 광산구  신창로86번길 7-9,062-962-9292
478,goobne,신정7동점,서울특별시,양천구,"서울특별시 양천구  목동남로2길 60-7, 상가동 지층2호 (신정동, 양천중앙하이츠)",02-2648-9492
479,goobne,신정4동점,서울특별시,양천구,"서울특별시 양천구 오목로 172 지하 101호, 102호 (신정동, 뉴타운아파트)",02-2692-9492
480,goobne,신정3동점,서울특별시,양천구,"서울특별시 양천구 중앙로43길 14 122동 119호 (신정동, 래미안 목동아델리체)",02-3666-9292
481,goobne,신정2동점,서울특별시,양천구,서울특별시 양천구  신목로39,02-2646-9492
482,goobne,신월성점,대구광역시,달서구,"대구광역시 달서구 조암남로85,115호 (월성동,DS타워)",053-639-9944
483,goobne,신월사파점,경상남도,창원시,경상남도 창원시 의창구  원이대로 687,055-266-9929
484,goobne,"신월3,5동점",서울특별시,양천구,"서울특별시 양천구 화곡로4길 3, 1001동 101호 (미리내아파트)",02-2691-8294
485,goobne,"신월2,4동점",서울특별시,양천구,"서울특별시 양천구 신월동 월정로 20-1,1층 3호",02-2697-2232
486,goobne,신수점,서울특별시,마포구,서울특별시 마포구  토정로18길 11 상가동 102호,02-715-9492
487,goobne,신성점,대전광역시,유성구,대전광역시 유성구  신성로 66,042-863-9492
488,goobne,신사1동점,서울특별시,은평구,"서울특별시 은평구  갈현로 39-1, 1층 4호(신사동)",02-386-9294
489,goobne,신방화역점,서울특별시,강서구,"서울특별시 강서구  마곡서1로 131,  상가동 1층 101호(마곡동, 마곡엠밸리1단지)",02-2663-9294
490,goobne,신림동점,서울특별시,관악구,서울특별시 관악구  신림동길 27,02-885-9294
491,goobne,신둔점,경기도,이천시,경기도 이천시 신둔면 증신로 561,031-633-1696
492,goobne,신도림점,서울특별시,구로구,서울특별시 구로구  신도림로11길 45,02-2677-9294
493,goobne,신대점,전라남도,순천시,전라남도 순천시 해룡면 매안4길 22,061-723-8294
494,goobne,신대방1동점,서울특별시,동작구,서울특별시 동작구  대림로 19,02-843-9294
495,goobne,신당역점,서울특별시,중구,서울특별시 중구  퇴계로87길 22,02-2232-9294
496,goobne,"신당3,4동점",서울특별시,중구,"서울특별시 중구 신당동 다산로32, 2상가 108호",02-2253-3344
497,goobne,신내1동점,서울특별시,중랑구,서울특별시 중랑구 신내1동 398-4번지,02-436-9977
498,goobne,신길뉴타운점,서울특별시,영등포구,서울특별시 영등포구 신길동 4937  한화꿈에그린상가 112동 110호,02-832-9492
499,goobne,신기북정점,경남,양산시,경남 양산시 삼성5길 5-21  (북정동),055-387-9212
500,goobne,신곡2동점,경기도,의정부시,"경기도 의정부시  부용로210번길 17, 101호",031-851-9285
501,goobne,신곡1동점,경기도,의정부시,"경기도 의정부시  발곡로 31번길 15 (신곡동, 지상1층)",031-821-9294
502,goobne,신갈점,경기도,용인시,경기도 용인시 기흥구  구갈로60번길 11,031-285-3800
503,goobne,시흥월곶점,경기도,시흥시,경기도 시흥시 월곶동 994-1번지 주영프라자 101호,031-318-9482
504,goobne,시흥신천점,경기도,시흥시,경기도 시흥시  신천3길41,031-311-9294
505,goobne,시흥대야점,경기도,시흥시,경기도 시흥시 대야동 475-11번지,031-313-9294
506,goobne,시흥능곡점,경기도,시흥시,"경기도 시흥시  능곡로 182, 107호",031-435-9294
507,goobne,시흥5동점,서울특별시,금천구,서울특별시 금천구  금하로 731-7,02-804-9294
508,goobne,시흥1동점,서울특별시,금천구,"서울특별시 금천구 금하로14길 10, 1층(시흥동 887-24)",02-894-9294
509,goobne,시립대점,서울특별시,동대문구,"서울특별시 동대문구  사가정로 149, 1층",02-2214-5292
510,goobne,순천풍덕점,전라남도,순천시,"전라남도 순천시  남산로 153,  1층(풍덕동)",061-741-7492
511,goobne,순천조례점,순천시,신원큰길,순천시 신원큰길 27(조례동),061-722-8292/061-723-8292
512,goobne,순천연향점,전라남도,,전라남도  순천시   연향1로 12,061-722-9294
513,goobne,순천북부점,전라남도,순천시,"전라남도 순천시  업동2길 2, 1층(용당동)",061-751-9244
514,goobne,순천남부점,전라남도,순천시,전라남도 순천시  우석로 202,061-746-9292/061-746-9494
515,goobne,순창점,전라북도,순창군,전라북도 순창군 순창읍 장류로 358,063-653-9492
516,goobne,수택3동점,경기도,구리시,경기도 구리시 수택3동 853번지 럭키아파트상가 108호,031-568-9294
517,goobne,수택2동점,경기도,구리시,"경기도 구리시  벌말로 185, 117호",031-553-9492
518,goobne,수진점,경기도,성남시수정구,경기도 성남시수정구  제일로147번길 4,
519,goobne,수유2동벽산점,서울특별시,강북구,서울특별시 강북구  삼양로 424,02-998-1500
520,goobne,수원조원1동점,경기도,수원시,경기도 수원시 장안구  조원로 111번길 31,031-241-9294
521,goobne,수원정자3동점,경기도,수원시,경기도 수원시 장안구 천천동 481-5 1층,031-268-9211
522,goobne,수원정자2동점,경기도,수원시,경기도 수원시 장안구 정자2동 46-41번지,031-256-9294
523,goobne,수원인계점,경기도,수원시,경기도 수원시 팔달구 인계동 1008-24,031-233-9294
524,goobne,수원율전점,경기도,수원시,"경기도 수원시 장안구 덕영대로425번길41,1층 (율전동)",031-269-9298
525,goobne,수원영화점,경기도,수원시,경기도 수원시 장안구  정조로934번길 46,031-245-2727
526,goobne,수원역점,경기도,수원시,경기도 수원시 팔달구  매산로52번길 8-1,031-255-9492
527,goobne,수원세류점,경기도,수원시,"경기도 수원시 권선구  덕영대로 1113-10, 1층(세류동)",031-223-9294
528,goobne,수원고등점,경기도,수원시,경기도 수원시 팔달구  고등로59번길 63(고등동),031-252-9294
529,goobne,수완2호점,광주광역시,광산구,"광주광역시 광산구 신가 1245, 1층",062-955-9493
530,goobne,수암신정2호점,울산광역시,남구,"울산광역시 남구  신선로 45, 롯데캐슬중앙상가동 209호",052-276-1919
531,goobne,수송미장점,전라북도,군산시,전라북도 군산시  축동로 7,063-466-9294
532,goobne,수색증산점,서울특별시,은평구,서울특별시 은평구 증산서길 98,02-372-9285
533,goobne,수락점,서울특별시,노원구,"서울특별시 노원구 동일로 239길 19, 105호",02-933-9295
534,goobne,수내점,경기도,성남시분당구,"경기도 성남시분당구  발이봉남로 3번길 4, 1층",031-711-9492
535,goobne,수곡모충점,충청북도,청주시,충청북도 청주시 서원구  구룡산로 340,043-285-9492
536,goobne,송파점,서울특별시,송파구,"서울특별시 송파구  송이로2길 3, 1층 101, 102호 (송파동)",02-422-9482
537,goobne,송추점,경기도,양주시,"경기도 양주시 장흥면 가마골로 173, 1층",031-837-9005
538,goobne,송촌점,대전광역시,대덕구,대전광역시 대덕구  동춘당로 44번길 20,042-639-8294
539,goobne,송천에코점,전라북도,전주시덕진구,전라북도 전주시덕진구 송천로 112-42,063-277-9288
540,goobne,송우리점,경기도,포천시,경기도 포천시 소흘읍 송우로 55-5,031-544-9294
541,goobne,송림송현점,인천광역시,동구,인천광역시 동구  새천년로 32,032-773-9282
542,goobne,송도신도시점,인천광역시,연수구,인천광역시 연수구  컨벤시아대로 50,032-833-9482
543,goobne,송도5동점,인천광역시,,"인천광역시  연수구   센트럴로 415,  판매시설동 1층 190호(송도동, 힐스테이트 송도 더테라스)",032-833-9294
544,goobne,송도3동점,인천광역시,연수구,인천광역시 연수구 송도동 190-2 글로벌캠퍼스푸르지오상가 202동 131호,032-816-9494
545,goobne,송내북부역점,경기도,부천시,"경기도 부천시 석천로54, 1층 (상동, 대동빌딩)",032-321-9492
546,goobne,송내2동점,경기도,부천시,경기도 부천시 소사구 성주로 96  1층 102호 (송내동),032-661-9282
547,goobne,속초조양점,강원도,속초시,"강원도 속초시  조양상가길 2, 110호",033-638-9595
548,goobne,속초교동점,강원도,속초시,강원도 속초시 교동 교동로 113번지,033-637-8892
549,goobne,소하2동점,경기도,광명시,경기도 광명시  성채로 50번길 33,02-898-9291
550,goobne,소하1동점,경기도,광명시,경기도 광명시 소하1동 1324번지 주공아파트 상가 (후문),02-899-9492
551,goobne,소촌우산점,광주광역시,광산구,광주광역시 광산구  사암로106번길 57,062-941-9495
552,goobne,소사점,경기도,부천시,경기도 부천시 소사구 소사본3동 400-7 청구@ 상가 101호,032-344-9477
553,goobne,소사벌점,경기도,평택시,경기도 평택시  비전6길 2-14,031-651-9294
554,goobne,세종한솔새롬점,세종특별자치시,,"세종특별자치시   새롬중앙로 34 , 118A(새롬동, 크리스마스빌딩)",044-868-9294
555,goobne,세종종촌점,세종특별자치시,,"세종특별자치시   도움1로 74,  상가동 105호",044-863-9492
556,goobne,세종소담점,세종특별자치시,국책연구원1로,"세종특별자치시 국책연구원1로 15 상가에이동 106, 107호(소담동, 새샘마을9단지)",044-862-9492
557,goobne,세종도담점,세종특별자치시,,"세종특별자치시   보듬3로 6,1층 107호(도담동,라온프라이빗시티Ⅱ)",044-863-9294
558,goobne,세종다정점,세종특별자치시,다정서로,"세종특별자치시 다정서로 60,(다정동,가온마을5단지) 상가1동 102호",044-865-9492
559,goobne,세종고운점,세종특별자치시,,"세종특별자치시   마음로 151, 가락마을 9단지 상가 102호",044-864-9245
560,goobne,세마역점,경기도,오산시,"경기도 오산시  수목원로 602,  1층 109호, 110호(세교동)",031-376-9585
561,goobne,세교통복점,경기도,평택시,경기도 평택시  통복시장로 54번길 16-7,031-653-9979
562,goobne,세교1호점,경기도,,"경기도   오산시대호로 131, 1층 107호(궐동, 대유프라자)",031-375-6969
563,goobne,성현점,서울특별시,관악구,서울특별시 관악구 봉천동 466-76,02-884-7703
564,goobne,성연테크노벨리점,충청남도,서산시,"충청남도 서산시 성연면 충의로 696, 102호",041-663-9492
565,goobne,성신여대점,서울특별시,성북구,서울특별시 성북구 동선2가 145번지,02-923-9492
566,goobne,성수1호점,서울특별시,성동구,서울특별시 성동구 상원1길 26 1층 108-2호 (성수동1가),02-464-9294
567,goobne,성서계명대점,대구광역시,달서구,대구광역시 달서구  서당로9안길 5,053-584-9288
568,goobne,성산점,제주특별자치도,서귀포시,"제주특별자치도 서귀포시 성산읍 해맞이해안로 2660, 1층",064-782-9262
569,goobne,성산2동점,서울특별시,마포구,서울특별시 마포구  성암로7길 25,02-307-9294
570,goobne,성사점,경기도,고양시,경기도 고양시 덕양구 성사동 702-9,031-965-9492
571,goobne,성당본리점,대구광역시,달서구,"대구광역시 달서구  대명천로 96,  1층 굽네치킨",053-628-9494
572,goobne,성내3동점,서울특별시,강동구,서울특별시 강동구 성내동 433-14 1층,02-472-9492
573,goobne,성내2동점,서울특별시,강동구,"서울특별시 강동구 성내동 25-1번지 이안A상가 110,111호",02-470-9492
574,goobne,성남동점,경기도,성남시,경기도 성남시 중원구 산성대로 200 2층 201호 (성남동),031-732-9232
575,goobne,성건중부점,경상북도,경주시,경상북도 경주시  북성로 98,054-777-2092/054-776-2092
576,goobne,선부3동점,경기도,안산시,경기도 안산시 단원구  선부3동 1116-14번지,031-402-9994
577,goobne,선부1동점,경기도,안산시,경기도 안산시 단원구 달미로 96-1 101호 (선부동),031-410-9492
578,goobne,석촌점,서울특별시,송파구,서울특별시 송파구  송파대로45길 16,02-421-9294
579,goobne,석수2동점,경기도,안양시,경기도 안양시 만안구  안양로 532번길 27,031-474-9292
580,goobne,석관점,서울특별시,성북구,"서울특별시 성북구  돌곶이로 21, 1층",02-967-9492
581,goobne,서현점,경기도,성남시,"경기도 성남시 분당구  황새울로360번길 26, 2층 203호(서현동, 삼보프라자)",031-701-9243
582,goobne,서판교점,경기도,성남시,"경기도 성남시 분당구  운중로 178번길 1, 107호",031-709-9294
583,goobne,서충주신도시점,충청북도,충주시,"충청북도 충주시 대소원면 첨단산업4로 31, 1층",043-846-9492
584,goobne,서초3동점,서울특별시,서초구,서울특별시 서초구   반포대로22길 79-5,02-588-9492
585,goobne,서초2동점,서울특별시,서초구,서울특별시 서초구  서운로 79,02-525-9294
586,goobne,서초1동점,서울특별시,서초구,"서울특별시 서초구  사임당로 105, 일석상가 105호, 106호",02-597-9077
587,goobne,서천점,충청남도,서천군,충청남도 서천군 서천읍 사곡리 304-68,041-953-9492/041-953-9493
588,goobne,서창지구점,인천광역시,남동구,인천광역시 남동구 서창남순환로215번길 48 118호,032-469-9294
589,goobne,서울대방점,서울특별시,동작구,서울특별시 동작구  대방동23길 42,02-817-9294
590,goobne,서산예천점,충청남도,,"충청남도  서산시   석남3로 7, 1층(석남동)",041-667-9492
591,goobne,서산동문점,충청남도,서산시,"충청남도 서산시  율지 19길 47-10, 1층",041-666-5892
592,goobne,서부전하점,울산광역시,동구,울산광역시 동구 봉수로 290 상가동 제비201호(e편한세상전하),052-236-9292
593,goobne,서부신시가지점,전라북도,전주시,전라북도 전주시 완산구  후곡길 23-11,063-236-9294
594,goobne,서림점,서울특별시,관악구,서울특별시 관악구 신림동 96-60 한강뉴스타,02-882-5155
595,goobne,서둔탑동점,경기도,수원시,경기도 수원시 권선구 탑동로 18 1층,031-298-9492
596,goobne,서대문연희점,서울특별시,서대문구,"서울특별시 서대문구  연희로 170, 1층",02-333-9492
597,goobne,서교점,서울특별시,마포구,"서울특별시 마포구 잔다리로 74, 1층",02-323-9294
598,goobne,서곡지구점,전라북도,전주시,전라북도 전주시 완산구  서곡1길 1-4 1층,063-275-9492
599,goobne,서강점,서울특별시,마포구,"서울특별시 마포구  독막로22길 28,1층",02-338-9294
600,goobne,새솔동점,경기도,화성시,"경기도 화성시  수노을1로191,4동 102호",031-356-9592
601,goobne,상주냉림무양점,경상북도,상주시,경상북도 상주시  냉림2길 31-3,054-533-9495
602,goobne,상일점,서울특별시,강동구,서울특별시 강동구 상일동 237번지,02-481-9492
603,goobne,상왕십리역점,서울특별시,성동구,"서울특별시 성동구  왕십리로 410, 센트라스 상가 L동",02-2281-1087
604,goobne,상암점,서울특별시,마포구,서울특별시 마포구 상암동 30-1번지 형제빌딩 103호,02-376-9294
605,goobne,상무2호점,광주광역시,서구,광주광역시 서구  화정로85번길 30-1,062-375-9992
606,goobne,상동하당점,전라남도,목포시,전라남도 목포시  상리로15번길 15,061-277-7200
607,goobne,상동점,경기도,부천시,"경기도 부천시  소향로 37번길 19, 1층 122, 123호",032-329-9949
608,goobne,상도1호점,서울특별시,동작구,서울특별시 동작구 상도동 436,02-826-9294
609,goobne,상대원점,경기도,성남시,경기도 성남시 중원구  희망로 324,031-757-9492
610,goobne,상계보람점,서울특별시,노원구,서울특별시 노원구  노원로34길 66 1층(상계동),02-930-9288
611,goobne,"상계6,7동점",서울특별시,노원구,서울특별시 노원구 상계동 728-3 주공6단지 상가 101호,02-936-8288
612,goobne,상.중동점,대구광역시,수성구,대구광역시 수성구  상화로66,053-767-9492
613,goobne,삼학자유점,전라남도,목포시,전라남도 목포시  둥근섬로 48-1,061-244-2929
614,goobne,삼천포점,경상남도,사천시,경상남도 사천시 벌리동 420-8번지,055-835-9494
615,goobne,삼척점,강원도,삼척시,강원도 삼척시 대학로 40,033-575-9282
616,goobne,삼전점,서울특별시,송파구,"서울특별시 송파구  백제고분로21길 20, 1층 102호",02-424-9992
617,goobne,삼송1호점,경기도,고양시,"경기도 고양시 덕양구  동산1로1길 23-23,  102호(동산동)",02-381-9294
618,goobne,삼성2동점,서울특별시,강남구,"서울특별시 강남구  삼성로103길 12, 123",02-515-9294
619,goobne,삼산2동점,인천광역시,부평구,인천광역시 부평구 삼산동 453-1번지,032-525-9292
620,goobne,삼산1동점,인천광역시,부평구,인천광역시 부평구 평천로 389,032-529-7494
621,goobne,산북소룡점,전라북도,군산시,전라북도 군산시  원산북2길 37,063-471-9492/063-465-9482
622,goobne,산본1동점,경기도,군포시,"경기도 군포시 군포로745번길 45, 1층",031-394-5999
623,goobne,산남성화점,충청북도,청주시,충청북도 청주시 서원구  두꺼비로 27번길 5-11,043-283-9282
624,goobne,산곡4동점,인천광역시,부평구,"인천광역시 부평구  원길로11번길 33, 1층",032-525-9494
625,goobne,산곡2동점,인천광역시,부평구,"인천광역시 부평구  화랑북로11번길 38, 1층",032-517-9292
626,goobne,사창사직2점,충청북도,청주시,충청북도 청주시 서원구  창신로25번길 15 102호(사창동),043-273-9289
627,goobne,사동계양점,경상북도,경산시,경상북도 경산시 장산로 257 1층 (사동),053-813-9492
628,goobne,사당2동점,서울특별시,동작구,"서울특별시 동작구  동작대로35길 46,  이수푸르지오 더 프레티움 근린생활시설 단지 내 상가 105호(사당동)",02-592-9294
629,goobne,사당1동점,서울특별시,동작구,서울특별시 동작구 사당동 1038-12,02-588-9294
630,goobne,사2동점,경기도,안산시,"경기도 안산시 상록구  감골로 33, 101호",031-417-9492
631,goobne,비전2동점,경기도,평택시,경기도 평택시 비전2동 272-7,031-656-9492
632,goobne,비래가양점,대전광역시,동구,대전광역시 동구 흥룡로 79(가양동),042-632-9294
633,goobne,불현점,경기도,동두천시,"경기도 동두천시  평화로 2328, 가운데칸",031-866-9409
634,goobne,불로동점,인천광역시,서구,인천광역시 서구 불로동 308번지,032-566-7877
635,goobne,불광1동점,서울특별시,은평,"서울특별시 은평   불광로 114, 1층(불광동)",02-382-9492
636,goobne,분당동점,경기도,성남시,경기도 성남시 분당구 분당동 96번지,031-708-9292
637,goobne,북아현점,서울특별시,서대문구,"서울특별시 서대문구  북아현로1길 50 ,상가동 106호",02-312-9294
638,goobne,북변사우점,경기도,김포시,경기도 김포시 사우동 1066번지,031-998-0202/031-982-7977
639,goobne,북가좌1호점,서울특별시,서대문구,서울특별시 서대문구  증가로 220-1,02-306-9988
640,goobne,부흥달안점,경기도,안양시,"경기도 안양시 동안구  동안로 194, 1층 117호",031-388-9492
641,goobne,부평역점,인천광역시,부평구,"인천광역시 부평구  부평문화로 107-3, 1층",032-501-3040
642,goobne,부평4동점,인천광역시,부평구,"인천광역시 부평구  주부토로 109, 1층(일부호)",032-516-3456
643,goobne,부천원종2동점,경기도,부천시,경기도 부천시 오정구 원종동 224-8번지,032-677-9299
644,goobne,부천원미점,경기도,부천시,경기도 부천시 원미로 137,032-662-9492
645,goobne,부천남부역점,경기도,,"경기도  부천시  성주로 245, 102호(심곡본동, LG아트빌)",032-653-9494
646,goobne,부여점,충청남도,부여군,충청남도 부여군 부여읍 중앙로5번길 24-10,041-836-9494
647,goobne,부안읍점,전라북도,부안군,전라북도 부안군 부안읍 학동길 21-1,063-581-9290
648,goobne,부산화명점,부산광역시,북구,부산광역시 북구 화명3동 2287-1 리버사이드빌딩 107-1호,051-363-9492
649,goobne,부산학장점,부산광역시,사상구,부산광역시 사상구  대동로 147-3,051-315-9592
650,goobne,부산하단점,부산광역시,사하구,부산광역시 사하구 하신번영로 304 (하단2동),051-294-9494
651,goobne,부산토곡점,부산광역시,연제구,부산광역시 연제구  과정로 132번길 50,051-759-9279
652,goobne,부산초읍점,부산광역시,부산진구,부산광역시 부산진구  성지로 104번길 46,051-904-9292
653,goobne,부산초량점,부산광역시,동구,부산광역시 동구  초량로 59,051-467-9294
654,goobne,부산청학점,부산광역시,영도구,부산광역시 영도구 청학동 신도브래뉴 상가 112호,051-418-8292
655,goobne,부산지사점,부산광역시,강서구,"부산광역시 강서구  과학산단로 334번 나길 21,  1층",051-941-9492
656,goobne,부산주례점,부산광역시,사상구,부산광역시 사상구  양지로 8번길 45-15,051-323-5999
657,goobne,부산주례2호점,부산광역시,사상구,부산광역시 사상구 주례동 80-29번지 1층,051-325-9592
658,goobne,부산좌동점,부산광역시,해운대구,부산광역시 해운대구  좌동순환로 275,051-704-9922
659,goobne,부산전포점,부산광역시,부산진구,부산광역시 부산진구  서전로 58번길 51,051-805-8294
660,goobne,부산재송점,부산광역시,해운대구,부산광역시 해운대구  해운대로143번길 51,051-784-5600
661,goobne,부산장전점,부산광역시,금정구,부산광역시 금정구  장전온천천로 73번길 6,051-512-9953
662,goobne,부산장림점,부산광역시,사하구,부산광역시 사하구  다대로320번길 25,051-264-9482
663,goobne,부산우동점,부산광역시,해운대구,부산광역시 해운대구  우동1로 45,051-741-9488
664,goobne,부산우2동점,부산광역시,해운대구,"부산광역시 해운대구  해운대로 361, 103호",051-742-9477
665,goobne,부산온천점,부산광역시,동래구,부산광역시 동래구  중앙대로 1335번길 21,051-557-9293
666,goobne,부산엄궁점,부산광역시,사상구,부산광역시 사상구  엄궁북로 4번길 7,051-315-9294
667,goobne,부산양정점,부산광역시,부산진구,"부산광역시 부산진구 동평로406번길 33, 1층(양정동)",051-868-9282
668,goobne,부산안락점,부산광역시,동래구,부산광역시 동래구  충렬대로 457번길 21,051-525-0505
669,goobne,부산수정점,부산광역시,동구,부산광역시 동구  홍곡로 74,051-464-8292
670,goobne,부산수영점,부산광역시,수영구,"부산광역시 수영구  수영로741번길 46,  218동 104호(수영동, 수영협성르네상스타운)",051-754-9291
671,goobne,부산수민점,부산광역시,동래구,부산광역시 동래구 수안동 34-1번지 새동래상가 6동 104호,051-557-8292
672,goobne,부산송도점,부산광역시,서구,부산광역시 서구  암남공원로 27,051-246-0047
673,goobne,부산서동점,부산광역시,금정구,부산광역시 금정구 서곡로 34,051-531-9492
674,goobne,부산사직점,부산광역시,동래구,부산광역시 동래구 사직1동 47-23번지,051-502-8070
675,goobne,부산부전점,부산광역시,부산진구,"부산광역시 부산진구  새싹로 37, 1층 101호(부전동)",051-804-9293
676,goobne,부산부암점,부산광역시,,부산광역시  부산진구   백양순환로 137-1,051-803-9234
677,goobne,부산부곡점,부산광역시,금정구,부산광역시 금정구  중앙대로1706번길 15,051-512-9929
678,goobne,부산부곡2호점,부산광역시,금정구,부산광역시 금정구  서동로36 (부곡동),051-583-9295
679,goobne,부산범천점,부산광역시,부산진구,부산광역시 부산진구 범일로192번길54,051-637-9284
680,goobne,부산범일점,부산광역시,동구,"부산광역시 동구  중앙대로 514, 1동 1층 103호",051-633-9294
681,goobne,부산반여점,부산광역시,해운대구,부산광역시 해운대구  선수촌로 162-1,051-528-6700
682,goobne,부산반여2호점,부산광역시,해운대구,부산광역시 해운대구  재반로 242번길 29-70,051-784-9492
683,goobne,부산반송점,부산광역시,해운대구,"부산광역시 해운대구  윗반송로31번길 113-11,1층 (반송동)",051-545-9282
684,goobne,부산문현점,부산광역시,남구,부산광역시 남구 문현1동 13-63번지,051-633-9494
685,goobne,부산명지점,부산광역시,강서구,부산광역시 강서구  명지오션시티4로 90 102호 (명지동),051-271-0055
686,goobne,부산명륜점,부산광역시,동래구,"부산광역시 동래구  명륜로 206 , 1층",051-553-5539
687,goobne,부산망미점,부산광역시,수영구,부산광역시 수영구 과정로41번길 45 (부산광역시 수영구 망미동 445-2),051-752-9495
688,goobne,부산만덕점,부산광역시,북구,"부산광역시 북구  만덕2로44번길72, 106동 106호",051-334-2313
689,goobne,부산동삼점,부산광역시,영도구,부산광역시 영도구  동삼로 79,051-403-4008/051-405-4008
690,goobne,부산덕포점,부산광역시,사상구,부산광역시 사상구  삼덕로 72-1,051-305-5592
691,goobne,부산덕천점,부산광역시,북구,부산광역시 북구 덕천1동 408-18번지,051-332-9492
692,goobne,부산대연점,부산광역시,남구,부산광역시 남구  못골로41번길 13,051-636-9284
693,goobne,부산대신점,부산광역시,서구,부산광역시 서구 서대신동3가 279-14번지 2통 4반,051-255-9492
694,goobne,부산당리점,부산광역시,사하구,부산광역시 사하구  다대로 4,051-202-8294
695,goobne,부산당감점,부산광역시,부산진구,부산광역시 부산진구  당감서로 118-1,051-893-9592
696,goobne,부산다대점,부산광역시,사하구,부산광역시 사하구 다대1동 933-12번지,051-266-8294
697,goobne,부산남항점,부산광역시,,부산광역시  영도구   절영로93번길 25-1,051-414-9482
698,goobne,부산남천점,부산광역시,수영구,"부산광역시 수영구 (남천동) 수영로408번길 65, 상가동 2호",051-622-9492
699,goobne,부산남산점,부산광역시,금정구,부산광역시 금정구  남산로37번길 60,051-513-9992
700,goobne,부산낙민점,부산광역시,동래구,"부산광역시 동래구 안남로 69, 1층",051-529-9482
701,goobne,부산기장점,부산광역시,기장군,부산광역시 기장군 기장읍 차성동로 161,051-722-9590
702,goobne,부산금곡점,부산광역시,북구,부산광역시 북구  효열로 207(금곡동),051-361-8294
703,goobne,부산구포점,부산광역시,북구,부산광역시 북구  시랑로7번길 4,051-334-3236
704,goobne,부산구서점,부산광역시,금정구,부산광역시 금정구 구서2동 184-23번지,051-582-9922
705,goobne,부산괴정점,부산광역시,사하구,부산광역시 사하구 괴정동 929번지,051-292-9982
706,goobne,부산괴정2호점,부산광역시,사하구,부산광역시 사하구  사리로 42,051-205-8294
707,goobne,부산거제점,부산광역시,연제구,"부산광역시 연제구 중앙대로 1167, 105호",051-503-9289
708,goobne,부산개금점,부산광역시,부산진구,부산광역시 부산진구 개금3동 470-8번지,051-898-9592
709,goobne,부산감천점,부산광역시,사하구,부산광역시 사하구  감천로 69,051-202-9797
710,goobne,부산감전점,부산광역시,사상구,"부산광역시 사상구  괘감로 108-1, 1층",051-311-5999
711,goobne,부산감만점,부산광역시,남구,부산광역시 남구  우암로 79번길 1,051-637-0011
712,goobne,부산가야점,부산광역시,부산진구,부산광역시 부산진구  가야대로 552번길 135,051-896-9477
713,goobne,부개2동점,인천광역시,부평구,인천광역시 부평구 부개동 124-51번지,032-507-9294
714,goobne,봉일천점,경기도,파주시,경기도 파주시 조리읍 봉일천리 142-3번지,031-946-9992
715,goobne,봉동점,전라북도,완주군,전라북도 완주군 봉동읍 완주산단8로 24,063-262-5094
716,goobne,봉담1호점,경기도,화성시,"경기도 화성시 봉담읍 상봉길 31, 지맨프라자 120호,124호",031-227-9797
717,goobne,본오2동점,경기도,안산시,경기도 안산시 상록구  본오로9길 6,031-406-9294
718,goobne,본동월성2동점,대구광역시,달서구,"대구광역시 달서구 와룡로5길11,1층(본동)",053-521-9492
719,goobne,복대개신점,충청북도,청주시,"충청북도 청주시 흥덕구  풍산로147번길 1, 1층 103호",043-268-9294
720,goobne,보성읍점,전라남도,보성군,전라남도 보성군 보성읍 중앙로96-1,061-852-9956
721,goobne,보령동대점,충청남도,보령시,충청남도 보령시 동대동 476-4번지,041-931-0601
722,goobne,보라매점,서울특별시,관악구,"서울특별시 관악구  보라매로3길 3 , 1,2층",02-877-8982
723,goobne,병점2동점,경기도,화성시,"경기도 화성시  병점2로 65,  107호(병점동, 우남프라자)",031-234-6633
724,goobne,별내2호점,경기도,남양주시,경기도 남양주시 별내3로 249 상가동 107호 (별내동),031-527-7788
725,goobne,별내1호점,경기도,남양주시,경기도 남양주시  별내3로92,031-573-9492
726,goobne,"범어1,2,3동점",대구광역시,수성구,대구광역시 수성구  상록로 45 (1층 범어동),053-751-9492
727,goobne,번동점,서울특별시,강북구,"서울특별시 강북구 번동 덕릉로126, 우일빌딩 1층",02-986-9494/02-986-9595
728,goobne,백석1동점,경기도,고양시,"경기도 고양시 일산동구  강석로 33, 104호(백석동, 대우IAAN)",031-908-3445
729,goobne,배방점,충청남도,아산시,충청남도 아산시 배방읍 모산로 136,041-542-9294
730,goobne,배곧캠퍼스점,경기도,시흥시,경기도 시흥시  배곧1로 27-15,031-503-9494
731,goobne,배곧신도시점,경기도,시흥시,경기도 시흥시  배곧4로30 배곧타운116호,031-431-9294
732,goobne,방화역점,서울특별시,강서구,서울특별시 강서구 방화동 830-1 에어뷰오피스텔2 101호,02-2666-9279
733,goobne,방학1동점,서울특별시,도봉구,"서울특별시 도봉구  방학로 2길 77, 1층",02-955-9282
734,goobne,방이점,서울특별시,송파구,서울특별시 송파구  가락로 267,02-421-9492
735,goobne,방배4동점,서울특별시,서초구,"서울특별시 서초구  방배로32길 8, 1층 (조일빌딩)",02-591-9294
736,goobne,방배2동점,서울특별시,서초구,"서울특별시 서초구  방배천로 16길 11-18 , 1층",02-522-2279
737,goobne,방림양림점,광주광역시,남구,"광주광역시 남구  용대로 183번길 20, 1층",062-653-9285
738,goobne,반포1동점,서울특별시,서초구,서울특별시 서초구 반포1동 745 금성빌딩 1층,02-517-9482
739,goobne,반월점,경기도,화성시,"경기도 화성시   효행로1265번길 17,  101호(반월동)",031-222-9294
740,goobne,민락점,경기도,의정부시,"경기도 의정부시  오목로 168,  산들마을 제동상가 104호",031-851-9282
741,goobne,민락광안1동점,부산광역시,수영구,부산광역시 수영구 민락동 167-1번지,051-751-9492
742,goobne,민락2지구점,경기도,의정부시,경기도 의정부시  용민로 249 골든타워 101호,031-852-9482
743,goobne,미아1호점,서울특별시,강북구,서울특별시 강북구  삼양로 198,02-982-8669
744,goobne,미성점,서울특별시,관악구,서울특별시 관악구  난우길43,02-865-9492
745,goobne,미사수변점,경기도,하남시,"경기도 하남시  미사강변중앙로 111번길 26, 1층",031-794-9492
746,goobne,미사1호점,경기도,하남시,경기도 하남시  미사강변북로30번길 106 1층 (망월동),031-795-9294
747,goobne,문화신풍점,전라북도,군산시,전라북도 군산시 대학로 120-1,063-468-9482
748,goobne,문정점,서울특별시,송파구,서울특별시 송파구  동남로6길 41-10,02-449-4542
749,goobne,문산점,경기도,파주시,경기도 파주시 문산읍 독산로 31-1,031-953-6555
750,goobne,문막점,강원도,원주시,강원도 원주시 문막읍 왕건로 37,033-735-9294
751,goobne,문래점,서울특별시,영등포구,서울특별시 영등포구 선유로3길 10,02-2633-9492
752,goobne,문경새재점,경상북도,문경시,경상북도 문경시 문경읍 주흘1길 25,054-571-9494
753,goobne,무주구천동점,전라북도,무주군,전라북도 무주군 설천면 구천동로 1050,063-322-7773
754,goobne,무전북신점,경상남도,통영시,경상남도 통영시  여황로 399-4,055-645-0099
755,goobne,무안읍점,전라남도,무안군,"전라남도 무안군 무안읍 불무로20,1층",061-453-9492
756,goobne,무안남악점,전라남도,무안군,전라남도 무안군 남악4로 50 111호 (골든스위트),061-287-2999
757,goobne,무실점,강원도,원주시,"강원도 원주시  만대공원길 50, 111호",033-743-9294
758,goobne,목포이로점,전라남도,목포시,"전라남도 목포시  삼학로 331, 금호상가102호",061-278-9294
759,goobne,목포용해점,전라남도,목포시,전라남도 목포시  포미로10번길 8,061-277-9294
760,goobne,목포연산북항점,전라남도,목포시,전라남도 목포시 산정동 1766-9,061-274-9991
761,goobne,목천읍점,충청남도,천안시,충청남도 천안시 동남구 목천읍 신계리 422번지 동우상가 120호,041-558-9294
762,goobne,목감점,경기도,시흥시,"경기도 시흥시  목감우회로 39, 118호",031-411-3607
763,goobne,목4동점,서울특별시,양천구,"서울특별시 양천구 목동중앙남로12,1층 (목동)",02-2061-9494
764,goobne,모슬포점,제주도,서귀포시,제주도 서귀포시 대정읍 하모중앙로32번길 17,064-794-8294
765,goobne,명지국제신도시점,부산광역시,강서구,부산광역시 강서구 명지동 3412-2 정우빌딩 2차 1층 114호,051-292-9482
766,goobne,명일점,서울특별시,강동구,서울특별시 강동구 명일동 342-1번지 105호,02-429-9492
767,goobne,면목점,서울특별시,중랑구,서울특별시 중랑구 면목동 657-54,02-494-8279
768,goobne,면목본동점,서울특별시,중랑구,서울특별시 중랑구 면목본동 412-1,02-432-9218
769,goobne,매탄3동점,경기도,수원시,경기도 수원시 영통구  인계로270번길 11-3,031-214-9277
770,goobne,매탄1동점,경기도,수원시,경기도 수원시 영통구  매여울로 49,031-212-9492
771,goobne,매곡오치점,광주광역시,북구,"광주광역시 북구  매곡로 76, 1층(매곡동)",062-574-9295
772,goobne,망포점,경기도,수원시,"경기도 수원시 영통구  영통로 127, 102호",031-203-9492
773,goobne,망원1동점,서울특별시,마포구,"서울특별시 마포구  희우정로77, 상가동 102호",02-332-8292
774,goobne,망우본동점,서울특별시,중랑구,"서울특별시 중랑구  용마산로 118길 63, 1층",02-2209-9294
775,goobne,만수2호점,인천광역시,남동구,인천광역시 남동구  만수서로21번길 4,032-462-1589
776,goobne,만수1호점,인천광역시,남동구,"인천광역시 남동구  장승로 14, 창대아트빌",032-468-8294
777,goobne,마포도화점,서울특별시,마포구,"서울특별시 마포구  도화4길 23,  1층 102호(도화동)",02-704-9492
778,goobne,마석점,경기도,남양주시,경기도 남양주시 화도읍 마석우리 357-7,031-595-2255
779,goobne,마산회원점,경상남도,창원시,"경상남도 창원시 마산회원구 회원동서로 10  1층 101호 (회원동, 중앙캐스빌)",055-241-9285
780,goobne,마산점,경기도,김포시,경기도 김포시  김포한강 8로 162번길 10 (마산동),031-988-9296
781,goobne,마산월영점,경상남도,창원시,경상남도 창원시 마산합포 월영동 610-1,055-222-9294
782,goobne,마산양덕점,경상남도,창원시,경상남도 창원시 마산회원구  양덕로 140,055-294-9285
783,goobne,마산삼계점,경상남도,,경상남도  창원시 마산회원 내서읍 삼계로 56,055-232-9266
784,goobne,마산산호점,경상남도,창원시,경상남도 창원시 마산합포구  용마로 90 1층 104호,055-243-5092
785,goobne,마산내서점,경상남도,창원시,경상남도 창원시 마산회원 내서읍 중리 337-1번지,055-231-9926
786,goobne,마산구암점,경상남도,창원시,경상남도 창원시 마산회원  구암북1길 124,055-292-9482
787,goobne,마두점,경기도,고양시,"경기도 고양시 일산동구  강송로 181,  117호, 118호(마두동)",031-903-8485
788,goobne,마곡나루역점,서울특별시,강서구,"서울특별시 강서구 마곡서로 133 714동 101호(마곡동, 마곡엠밸리7단지)",02-6012-9294
789,goobne,마곡1호점,서울특별시,강서구,"서울특별시 강서구  공항대로 140, 1205동 102-2호(마곡동, 마곡",02-2661-3343
790,goobne,등촌3동점,서울특별시,,"서울특별시  강서구  강서로56길 64,  1층 108, 109호(등촌동, 마곡루나플라체)",02-3663-9492
791,goobne,등촌2동점,서울특별시,강서구,서울특별시 강서구  등촌로53길 13,02-2642-9492
792,goobne,둔촌2동점,서울특별시,강동구,서울특별시 강동구  천호대로 198길 12 (둔촌동),02-476-9553
793,goobne,둔산갤러리아점,대전광역시,서구,"대전광역시 서구 둔산동 1088번지 1층 104, 105호",042-483-8292
794,goobne,둔내점,강원도,횡성군,강원도 횡성군 둔내면 고원로 433,033-345-9259
795,goobne,동해천곡점,강원도,동해시,강원도 동해시 천곡동 1052-22 102호,033-533-9496
796,goobne,동해북삼점,강원도,동해시,강원도 동해시 동회동  66-4 동보상가 나동 4호,033-522-6999
797,goobne,동판교점,경기도,성남시,경기도 성남시 분당구 삼평동 738번지  봇들마을 상가 에이동 105호,031-701-9293
798,goobne,동탄영천점,경기도,화성시,경기도 화성시  지산2길 26,031-378-9492
799,goobne,동탄역점,경기도,,"경기도  화성시  동탄광역환승로 63,  동탄역 반도유보라 아이비파크 106동 115호",031-372-9495
800,goobne,동탄목동점,경기도,화성시,"경기도 화성시  왕배산1길15,1층 전부호(목동)",031-375-9242
801,goobne,동탄8동점,경기도,화성시,"경기도 화성시  동탄대로4길 17,  지1층 112호(장지동, 금호어울림레이크)",031-373-9493
802,goobne,동탄3동점,경기도,화성시,"경기도 화성시  동탄원천로 289-10, 가상가동 101호 (능동, 동탄능동마을주공아파트)",031-613-9489
803,goobne,동탄1동점,경기도,화성시,경기도 화성시 반송동 24-3,031-613-9222
804,goobne,동춘점,인천광역시,연수구,"인천광역시 연수구  봉재산로 36번안길 22,1층",032-817-8092
805,goobne,동천용강점,경상북도,경주시,"경상북도 경주시  동천로 39,1층 (동천동)",054-775-9294
806,goobne,동암점,인천광역시,부평구,인천광역시 부평구 십정동 487-2번지,032-425-9289
807,goobne,동송점,강원도,철원군,"강원도 철원군 동송읍 금학로 205, 1층",033-455-9494
808,goobne,동서오동점,경상남도,창원시,경상남도 창원시 마산합포  3.15대로 388,055-247-9494
809,goobne,동산반월점,전라북도,전주시,전라북도 전주시 덕진구  쪽구름로 19 상가 1동 101호,063-212-9258
810,goobne,동삭센트럴점,경기도,평택시,"경기도 평택시  상서재로5길 15, 1층 118호 (동삭동, 상가)",031-691-9982
811,goobne,동백점,경기도,용인시,"경기도 용인시 기흥구  동백3로 11번길 33, 106호",031-274-9492
812,goobne,동대문역점,서울특별시,종로구,"서울특별시 종로구  종로 326, 1층(창신동)",02-765-9294
813,goobne,동광오거리점,강원도,춘천시,"강원도 춘천시  삭주로 206-1, 1층(후평동)",033-254-9494
814,goobne,독산3동점,서울특별시,금천구,서울특별시 금천구  문성로 4,02-859-9492
815,goobne,독산1동점,서울특별시,금천구,"서울특별시 금천구  벚꽃로 40, 114동 128호",02-803-5008
816,goobne,독립문점,서울특별시,서대문구,"서울특별시 서대문구  독립문로 16, 1층(영천동)",02-312-9492
817,goobne,"도화2,3동점",인천광역시,미추홀구,인천광역시 미추홀구  송림로251 창조프라자105호,032-873-9555
818,goobne,도안가수원점,대전광역시,서구,"대전광역시 서구  원도안로 100, 101호",042-542-8292
819,goobne,도림점,서울특별시,영등포구,서울특별시 영등포구 도림동 144-73번지,02-846-9595
820,goobne,도련봉개점,제주특별자치도,제주시,"제주특별자치도 제주시  삼봉로 115,  상가동 104호(도련일동, 미듬하나로맨션)",064-723-9295
821,goobne,도남점,제주특별자치도,제주시,제주특별자치도 제주시  신성로 70(도남동),064-724-6144
822,goobne,도곡2동점,서울특별시,강남구,"서울특별시 강남구 논현로34길20,1층 101호(도곡동)",02-572-9294
823,goobne,덕진금암점,전라북도,전주시덕진구,전라북도 전주시덕진구  조경단로 59,063-274-9244
824,goobne,덕정점,경기도,양주시,경기도 양주시  고암길 154-12,031-858-8892
825,goobne,대화점,경기도,고양시,경기도 고양시 일산서구  강성로214번길 16-10,031-911-9492
826,goobne,대학동점,서울특별시,관악구,"서울특별시 관악구  호암로22길 37, 1층(신림동)",02-875-9294
827,goobne,대치2동점,서울특별시,강남구,서울특별시 강남구 대치2동 990-3,02-554-9492
828,goobne,"대치1,4동점",서울특별시,강남구,"서울특별시 강남구  삼성로 229, 104호",02-557-8292
829,goobne,대천해수욕장점,충청남도,보령시,"충청남도 보령시  해수욕장6길 124, 102호",041-931-8292
830,goobne,대조점,서울특별시,,"서울특별시  은평구 대조동 역말로 145, 1층(대조동)",02-387-9482
831,goobne,대전학하지구점,대전광역시,유성구,"대전광역시 유성구  학하서로121번길163, 101호",042-822-9495
832,goobne,대전태평점,대전광역시,중구,대전광역시 중구 태평동 330-20번지,042-527-0982/042-527-0992
833,goobne,대전탄방점,대전광역시,서구,"대전광역시 서구 문정로122번길 14, 1층(탄방동 859)",042-488-9492
834,goobne,대전전민점,대전광역시,유성구,"대전광역시 유성구 전민로38번길 50, 1층",042-867-9294
835,goobne,대전월평1호점,대전광역시,서구,대전광역시 서구 월평동 670,042-482-9277
836,goobne,대전우송대점,대전광역시,동구,"대전광역시 동구  동대전로131번길14, 1층 (자양동)",042-628-9294
837,goobne,대전송강테크노점,대전광영시,유성구,"대전광영시 유성구 테크노3로 77, 1층 101호",042-936-8292
838,goobne,대전상대점,대전광역시,유성구,"대전광역시 유성구  상대동로2번길 67-6, 1층",042-822-9244
839,goobne,대전법동점,대전광역시,대덕구,대전광역시 대덕구  계족산로17번길 93,042-633-9295
840,goobne,대전반석점,대전광역시,유성구,대전광역시 유성구 반석동 624-2,042-823-9492
841,goobne,대전문화점,대전광역시,중구,"대전광역시 중구 천근로 20, 1층 (문화동)",042-585-9294
842,goobne,대전만년점,대전광역시,서구,대전광역시 서구  만년남로 3번길 8-12,042-489-9492
843,goobne,대전둔산1호점,대전광역시,서구,대전광역시 서구  문정로 170번길 157,042-485-9255
844,goobne,대전도마점,대전광역시,서구,대전광역시 서구  도솔4길 37 1층,042-537-9492
845,goobne,대전노은점,대전광역시,유성구,"대전광역시 유성구  은구비서로 17, 1층",042-823-9295
846,goobne,대전괴정점,대전광역시,서구,대전광역시 서구  가장로 32,042-538-9482
847,goobne,대전관저점,대전광역시,서구,대전광역시 서구  관저동로99번길5 (관저동),042-543-9494
848,goobne,대전갈마2동점,대전광역시,서구,"대전광역시 서구  대덕대로 115, 1층",042-533-7918
849,goobne,대전가오점,대전광역시,동구,대전광역시 동구 가오동 461번지,042-283-9282
850,goobne,대연2호점,부산광역시,남구,부산광역시 남구  용소로40번길 19(대연동),051-611-9284
851,goobne,대성죽교점,전라남도,목포시,전라남도 목포시  양을로 1-2,061-242-9994
852,goobne,대부도점,경기도,안산시,경기도 안산시 단원구 대부북동 뻐꾹산길 126-11,032-880-0492
853,goobne,대명1호점,대구광역시,남구,대구광역시 남구  대명로 20길 22-2,053-621-1167/053-621-1187
854,goobne,대림1동점,서울특별시,영등포구,서울특별시 영등포구  디지털로 77길 2-6,02-832-9294
855,goobne,대구황금점,대구광역시,수성구,대구광역시 수성구 청수로31길 2 1층 (황금동),053-761-9492
856,goobne,대구화원점,대구광역시,달성군,대구광역시 달성군 화원읍  천내리 118번지 창신맨션 상가 1동 2호,053-639-9492
857,goobne,대구혁신점,대구광역시,동구,"대구광역시 동구  이노밸리로 46길 1,  1층 102호",053-962-2345
858,goobne,대구평리1호점,대구광역시,서구,대구광역시 서구 문화로 272(1층 평리동),053-564-9494
859,goobne,대구태전점,대구광역시,북구,대구광역시 북구  칠곡중앙대로53길 10,053-311-9291
860,goobne,대구침산점,대구광역시,북구,대구광역시 북구  침산남로 19길 6,053-351-9492
861,goobne,대구진천점,대구광역시,달서구,"대구광역시 달서구  상화로 9길 9,1층",053-638-9279
862,goobne,대구지산점,대구광역시,수성구,대구광역시 수성구 용학로 250,053-781-9410
863,goobne,대구이곡점,대구광역시,달서구,대구광역시 달서구  선원남로 74 1층,053-588-9244
864,goobne,대구읍내점,대구광역시,북구,"대구광역시 북구  칠곡중앙대로118길 14,  1층 102호",053-314-8292
865,goobne,대구율하점,대구광역시,동구,대구광역시 동구  율하동로 25길 2 (신기동),053-962-9294
866,goobne,대구용산점,대구광역시,달서구,대구광역시 달서구 용산동 용산로 186-7  1층,053-524-9494
867,goobne,대구연경점,대구광역시,동구,대구광역시 동구 동화천로372 104호(지묘동),053-985-9294
868,goobne,대구신천점,대구광역시,동구,대구광역시 동구 신천3동 183-1번지,053-746-9294
869,goobne,대구신암점,대구광역시,동구,"대구광역시 동구  동대구로 577,  303동 105호(신암동, 이안센트럴D)",053-942-9282
870,goobne,대구신매점,대구광역시,수성구,대구광역시 수성구  고산로4안길 33-14,053-791-9492
871,goobne,대구수성점,대구광역시,수성구,대구광역시 수성구 수성로271,053-761-8292
872,goobne,대구상인1호점,대구광역시,달서구,대구광역시 달서구  상인로100-1,053-632-9492
873,goobne,대구산격점,대구광역시,북구,"대구광역시 북구  동북로131,상가 106동 101호(양우내안애 아파트)",053-383-9998
874,goobne,대구봉덕점,대구광역시,남구,대구광역시 남구  중앙대로22길 155,053-473-9494
875,goobne,대구복현점,대구광역시,북구,대구광역시 북구 복현동 249-8,053-939-9494
876,goobne,대구범어4만촌3점,대구광역시,수성구,대구광역시 수성구  범어로18길 56,053-744-2822
877,goobne,대구방촌점,대구광역시,동구,"대구광역시 동구  방촌로 125, 101동111호 굽네치킨 (방촌동)",053-248-9494
878,goobne,대구반야월점,대구광역시,동구,"대구광역시 동구  반야월북로 220 1층 101, 102호 (각산동)",053-965-9492
879,goobne,대구메트로점,대구광역시,수성구,대구광역시 수성구 만촌동 962-15,053-741-9221
880,goobne,대구매호점,대구광역시,수성구,"대구광역시 수성구 달구벌대로637길 22-3 101동 1층 점포2호 (매호동, 매호리첸시아아파트)",053-792-9494
881,goobne,대구두류점,대구광역시,달서구,대구광역시 달서구  두류공원로 261-1 1층,053-657-2792
882,goobne,대구동천점,대구광역시,북구,"대구광역시 북구  팔거천동로 34길 16, 1층",053-311-2892
883,goobne,대구대현점,대구광역시,북구,대구광역시 북구  대현로 106,053-959-9494
884,goobne,대구대봉점,대구광역시,중구,"대구광역시 중구  대봉로 268, 1층",053-424-8294
885,goobne,대구대곡점,대구광역시,달서구,대구광역시 달서구 갈밭로50 103호(대곡동),053-636-9492
886,goobne,대구다사점,대구광역시,달성군,대구광역시 달성군 다사읍 대실역북로 78,053-581-9477
887,goobne,대구구지점,대구광역시,달성군,"대구광역시 달성군  구지면 국가산단대로 68길 21, 1층 굽네치킨",053-611-9294
888,goobne,대구구암점,대구광역시,북구,"대구광역시 북구  구암로49길 13 , 1층",053-325-9981
889,goobne,대구교대점,대구광역시,남구,"대구광역시 남구  중앙대로 199, 1층",053-263-9494
890,goobne,대구관음점,대구광역시,북구,대구광역시 북구 관음동 600-2번지,053-321-9985
891,goobne,대광점,경기도,연천군,경기도 연천군 신서면 도신리 290-20,031-834-9554
892,goobne,당하점,인천광역시,서구,"인천광역시 서구 마전동 1054-6, 103호",032-564-9235
893,goobne,당진신평점,충청남도,당진시,충청남도 당진시  거산3거리길 70,041-363-9482
894,goobne,당진송악점,충청남도,당진시,충청남도 당진시 송악읍 가학리 632-8 대림e-편한세상 상가 206호,041-356-9249
895,goobne,당산2동점,서울특별시,영등포구,서울특별시 영등포구  국회대로29길 16,02-6080-9494
896,goobne,답십리1동점,서울특별시,동대문구,"서울특별시 동대문구  전농로 57, 1층",02-2216-9992
897,goobne,담양점,전라남도,담양군,"전라남도 담양군 담양읍 미리산길 46 상가동 103호, 104호(담양백동엘에이치2단지)",061-383-9294
898,goobne,단계점,강원도,원주시,강원도 원주시  봉화로 48 1층,033-733-8892
899,goobne,다산신도시1호점,경기도,남양주시,"경기도 남양주시  다산중앙로20번길 10-18,  102호(다산동)",031-563-9090
900,goobne,다산도농점,경기도,남양주시,"경기도 남양주시  도농로중촌2길 26-21, 1층(다산동)",031-558-8877
901,goobne,다대2동점,부산광역시,사하구,"부산광역시 사하구  다대로429번길 12,  상가동 119호(다대동, 삼환아파트)",051-265-0292
902,goobne,능곡점,경기도,고양시,경기도 고양시 덕양구  지도로 35번길 12-22,031-971-9492/042-527-0992
903,goobne,농소2호점,울산광역시,북구,울산광역시 북구  천곡길 191,052-294-9922
904,goobne,논현고잔1호점,인천광역시,남동구,"인천광역시 남동구  논고개로136번길 12, 1층",032-421-9492
905,goobne,논현1동점,서울특별시,강남구,"서울특별시 강남구  학동로6길 3, 1층(논현동)",02-543-9492
906,goobne,녹번점,서울특별시,은평구,"서울특별시 은평구  서오릉로 6,  1층 102호(녹번동, 거장카운티)",02-359-9492
907,goobne,내포신도시1호점,충청남도,홍성군,"충청남도 홍성군 홍북면 상하천로 31, 117호",041-635-9492/041-635-9493
908,goobne,내수점,충청북도,청주시,"충청북도 청주시 청원구 내수읍 청암로 37,104호",043-212-0292
909,goobne,내손포일점,경기도,의왕시,경기도 의왕시  봇들로 60 102호 굽네치킨 내손포일점 (포일동)	,031-423-0919
910,goobne,내방농성점,광주광역시,서구,광주광역시 서구  월산로 257,062-363-9492
911,goobne,내덕우암점,충청북도,청주시,충청북도 청주시 청원구  중앙로 191-2,043-225-9492
912,goobne,내당중리점,대구광역시,서구,대구광역시 서구  평리로286,053-562-9294
913,goobne,남지읍점,경상남도,창녕군,경상남도 창녕군 남지읍 663-26,055-526-0209
914,goobne,남원점,전라북도,남원시,전라북도 남원시  옥정2길 13,063-636-9253
915,goobne,남원2호점,전라북도,남원시,전라북도 남원시  충정로 320,063-632-9294
916,goobne,남양주진접점,경기도,남양주시,경기도 남양주시 진접읍 장현로 131,031-572-9294
917,goobne,남양주월산점,경기도,남양주시,"경기도 남양주시 화도읍 경춘로2290번길 3,상가1동102호",031-559-9491
918,goobne,남양주와부1호점,경기도,남양주시,"경기도 남양주시 와부읍 수레로 88, 105호 (강산빌딩)",031-576-7557
919,goobne,남양주오남점,경기도,남양주시,경기도 남양주시 오남읍 130번지 102호,031-527-9492
920,goobne,남양주사능점,경기도,남양주시,경기도 남양주시 진건읍 진건오남로 105번길 15,031-527-9294/02-2607-9961
921,goobne,남양가음점,경상남도,창원시,경상남도 창원시 성산구 가양로 108 1층 일부호 (남양동),055-266-9294
922,goobne,남산대신점,대구광역시,중구,대구광역시 중구 남산동 2267-20(중구 명덕로 91-1),053-253-9294
923,goobne,남가좌1호점,서울특별시,서대문구,서울특별시 서대문구  가재울로4길 57-2(남가좌동),02-304-9492
924,goobne,나주혁신도시점,전라남도,나주시,전라남도 나주시 상야3길 8 중흥S클래스 메가티움 2차 131호 (빛가람동),061-335-0012
925,goobne,나주남평점,전남,나주시,"전남 나주시 남평읍 강변1길 21-6, 102호",061-331-9294
926,goobne,나운2호점,전라북도,군산시,"전라북도 군산시  부곡1길 39, 상가동 1층 108호",063-465-9492
927,goobne,김해활천점,경상남도,김해시,경상남도 김해시 어방동 319-11,055-336-0096
928,goobne,김해진영점,경상남도,김해시,경상남도 김해시 진영읍 장등로 30,055-342-0799
929,goobne,김해주촌점,경상남도,,"경상남도  김해시  주촌면  선천남로 123, 1층",055-339-9482
930,goobne,김해장유점,경상남도,김해시,경상남도 김해시 삼문로59번길 6,055-312-9994
931,goobne,김해율하점,경상남도,김해시,"경상남도 김해시 율하3로 107 101, 102호(관동동)",055-326-9294
932,goobne,김해율하2지구점,경상남도,김해시,경상남도 김해시  율하7로 21,055-326-9282
933,goobne,김해외동점,경상남도,김해시,경상남도 김해시 외동  1242-2 1층,055-322-9949
934,goobne,김해삼방점,경상남도,김해시,경상남도 김해시  삼안로 169,055-338-0989
935,goobne,김해삼계점,경상남도,김해시,경상남도 김해시 해반천로130번길 33 탑클라우드 1층 101호 (삼계동),055-332-9994
936,goobne,김해부원점,경상남도,김해시,경상남도 김해시  김해대로2371번길 8-25,055-327-9492
937,goobne,김해동장유점,경상남도,김해시,경상남도 김해시  월산로111-43,055-312-9285
938,goobne,김해내동점,경상남도,김해시,"경상남도 김해시 금관대로1265번길 2, 1층(내동)",055-337-9959
939,goobne,김해구산대성점,경상남도,김해시,경상남도 김해시 구산동 555번지 106호,055-337-9292
940,goobne,김포풍무점,경기도,김포시,경기도 김포시 풍무동 425번지 102호,031-981-9482
941,goobne,김포장기점,경기도,김포시,경기도 김포시 장기동 1636번지 고창마을 제일풍경채상가동 102호,031-984-0550
942,goobne,김천혁신도시점,경북,김천시,"경북 김천시   혁신6로 63, 2동 108호",054-432-9288
943,goobne,김천1호점,경상북도,김천시,경상북도 김천시  신음새동네2길 31,054-435-9492
944,goobne,김제점,전라북도,김제시,전라북도 김제시  요촌중길45 (요촌동 585-3),063-545-9482
945,goobne,길음1동점,서울특별시,성북구,"서울특별시 성북구  길음로 74, 2-107",02-941-8295
946,goobne,길동점,서울특별시,강동구,"서울특별시 강동구 천중로 208 1층 101호 (길동, 더힐스빌)",02-475-8294
947,goobne,금호1가응봉점,서울특별시,성동구,서울특별시 성동구 금호동1가 1801-2 1층,02-2296-6464
948,goobne,금촌점,경기도,파주시,경기도 파주시  새꽃로 96번지,031-949-9339
949,goobne,금촌3동점,경기도,파주시,"경기도 파주시 아동동 경의로 1833, 1층일부",031-949-9998
950,goobne,금정점,경기도,군포시,경기도 군포시 오금로 145 1층 일부 (금정동),031-452-9288/031-452-9289
951,goobne,금왕점,충청북도,음성군,"충청북도 음성군 금왕읍 탑골길 12, 제1동  103호",043-878-9492
952,goobne,금산읍점,충청남도,금산군,충청남도 금산군 금산읍 비단로 329,041-751-9282
953,goobne,금당왕지점,전라남도,순천시,전라남도 순천시 해룡면 조례못등길 70,061-726-9494
954,goobne,금광2동점,경기도,성남시,경기도 성남시 중원구  금빛로 61번길 11,031-743-8292
955,goobne,귀인평안점,경기도,안양시,"경기도 안양시 동안구  귀인로190번길 61-3,  1층(평촌동 917-5)",031-385-9229
956,goobne,권선2동점,경기도,수원시,경기도 수원시 권선구 권선동 1259-8번지,031-898-9293
957,goobne,군포당동점,경기도,군포시,경기도 군포시  고산로264번길 13,031-346-9992
958,goobne,군자점,서울특별시,광진구,서울특별시 광진구  군자로 168,02-466-9492
959,goobne,군산조촌점,전라북도,군산시,"전라북도 군산시  번영로 86 상가 101동 101호  (경장동, 오르빌아파트)",063-452-9492
960,goobne,군산나운점,전라북도,군산시,전라북도 군산시  대학로 316 1층,063-468-9481
961,goobne,구의2동점,서울특별시,광진구,"서울특별시 광진구  자양로 287, 1층(구의동)",02-452-9492
962,goobne,구의1동점,서울특별시,광진구,"서울특별시 광진구  자양로 173, 1층",02-6085-9844
963,goobne,구월점,인천광역시,남동구,인천광역시 남동구  독점로3번길 30-6,032-473-9200
964,goobne,구영천상점,울산광역시,울주군,울산광역시 울주군 범서읍 구영리 802-22번지,052-245-9995
965,goobne,구미확장단지점,경상북도,구미시,경상북도 구미시 산동읍 신당1로 3길 17-7  1동 1층 104호,054-476-9294
966,goobne,구미형곡점,경상북도,구미시,경상북도 구미시  형곡동로 70,054-455-9294
967,goobne,구미인동점,경상북도,구미시,경상북도 구미시  인동16길 24-4,054-472-9259
968,goobne,구미송정원평점,경상북도,구미시,경상북도 구미시 신시로14길 50,054-443-9494
969,goobne,구미상모사곡점,경상북도,구미시,"경상북도 구미시 상사동로 106,1층",054-464-9499
970,goobne,구미봉곡점,경상북도,구미시,"경상북도 구미시 봉곡동 봉곡남로9길 7, 1층 101호",054-604-9492
971,goobne,구미문성점,경상북도,구미시,"경상북도 구미시 고아읍 들성로 7길 19, 1층",054-444-9482
972,goobne,구미도량점,경상북도,구미시,경상북도 구미시 야은로 413,054-443-9285
973,goobne,구미1동점,경기도,성남시,경기도 성남시 분당구  미금일로 75,031-711-9296
974,goobne,구리교문점,경기도,구리시,경기도 구리시 교문동 757-1번지,031-552-9050/031-552-9051
975,goobne,구룡포점,경상북도,포항시,경상북도 포항시 남구 구룡포읍 호미로 253-2,054-276-9992
976,goobne,구로디지털점,서울특별시,구로구,서울특별시 구로구  디지털로27가길 5-1 1층(구로동),02-867-9494
977,goobne,구로5동점,서울특별시,구로구,서울특별시 구로구  구로중앙로28길 31,02-858-9294
978,goobne,구래1호점,경기도,,"경기도  김포시  김포한강 9로 12번길 97-14, 101호",031-996-9294
979,goobne,괴안범박점,경기도,부천시,경기도 부천시 소사구 괴안동 242-10번지,032-341-9492
980,goobne,광탄점,경기도,파주시,경기도 파주시 광탄면 혜음로 1122 1층,031-946-5292
981,goobne,광주효천점,광주광역시,남구,"광주광역시 남구  효우2로26번길 18,1층 108호",062-675-9279
982,goobne,광주화정점,광주광역시,서구,광주광역시 서구 화정동 827-20,062-384-9288
983,goobne,광주학동점,광주광역시,동구,광주광역시 동구  의재로 54,062-234-9494
984,goobne,광주하남점,광주광역시,광산구,"광주광역시 광산구  용아로379번길 10,  1층(하남동)",062-954-9494
985,goobne,광주풍암점,광주광역시,서구,"광주광역시 서구  풍암신암로 38, 1층(풍암동)",062-653-9492
986,goobne,광주태전점,경기도,광주시,"경기도 광주시  고불로 82, 103호(태전동)",031-768-9294
987,goobne,광주첨단점,광주광역시,광산구,광주광역시 광산구  월계로 92-1,062-972-9492
988,goobne,광주진월점,광주광역시,남구,광주광역시 남구  금당로 12-1,062-675-9492
989,goobne,광주중흥점,광주광역시,북구,광주광역시 북구  우치로 27번길 26,062-527-9294
990,goobne,광주주월점,광주광역시,남구,광주광역시 남구  회서로 11번길 13,062-676-9299
991,goobne,광주장지점,경기도,광주시,경기도 광주시  순암로 83,031-766-9294
992,goobne,광주일곡점,광주광역시,북구,광주광역시 북구  일곡택지로 55,062-576-9494
993,goobne,광주월산점,광주광역시,서구,광주광역시 서구  화정로 258-1(화정동)1층,062-368-8292
994,goobne,광주운암점,광주광역시,북구,광주광역시 북구 서강로66번길 38 1층 (운암동),062-430-9294
995,goobne,광주운남점,광주광역시,광산구,광주광역시 광산구  임방울대로 142-14,062-951-9255
996,goobne,광주용봉점,광주광역시,북구,"광주광역시 북구 서암대로 74-1, 103호",062-525-9294
997,goobne,광주양산점,광주광역시,,"광주광역시  북구  양산택지로 89,  2층 201호(본촌동)",062-574-9494
998,goobne,광주수완점,광주광역시,광산구,"광주광역시 광산구  장신로 62, 1층 104호",062-955-9492
999,goobne,광주송정점,경기도,광주시,경기도 광주시 송정동 110-8번지,031-764-9482
1000,goobne,광주송정도산점,광주광역시,광산구,광주광역시 광산구 남동길 48번길 53,062-945-9285
1001,goobne,광주선운점,광주광역시,광산구,광주광역시 광산구  동곡로 735 선운타워 113,062-943-9294
1002,goobne,광주상무점,광주광역시,서구,광주광역시 서구  치평동 1168,062-373-9288
1003,goobne,광주봉선점,광주광역시,남구,광주광역시 남구 봉선동 1011-6번지,062-653-9288
1004,goobne,광주백운점,광주광역시,남구,"광주광역시 남구 백운로 29, 1층",062-672-9492/062-672-9294
1005,goobne,광주문흥점,광주광역시,북구,"광주광역시 북구 천지인로 173번길 22, A-102(문흥동,광명상가)",062-264-9492
1006,goobne,광주두암점,광주광역시,북구,"광주광역시 북구  삼정로 71, 104호",062-261-9494
1007,goobne,광주동천동림점,광주광역시,서구,광주광역시 서구  동천로 8 (1층) 동천동,062-513-4321
1008,goobne,광주금호점,광주광역시,서구,"광주광역시 서구   화개1로 31, 상가동 102호, 103호",062-372-9477
1009,goobne,광주계림금남로점,광주광역시,동구,"광주광역시 동구  제봉로 212번길 7, 1층(대인동 315-7)",062-236-3339
1010,goobne,광정점,경기도,군포시,경기도 군포시 산본동 산본로432번길 4,031-391-9492
1011,goobne,광장점,서울특별시,광진구,서울특별시 광진구  아차산로 70길 75 광장현대아파트,02-455-0707
1012,goobne,광양중마점,전라남도,광양시,"전라남도 광양시  공영로 10, 상가동 102호중 2호(중동, 금광1차아파트)",061-791-9494
1013,goobne,광양광영점,전라남도,광양시,전라남도 광양시  광영로 83,061-795-9294
1014,goobne,"광안2,4동점",부산광역시,수영구,부산광역시 수영구 광안동 168-7번지,051-759-9492
1015,goobne,"광명3,4동점",경기도,광명시,경기도 광명시 광명동 158-321,02-2616-9295
1016,goobne,광교도청점,경기도,수원시,"경기도 수원시 영통구 센트럴타운로 111, 104호(이의동, 광교스타힐스 오피스텔)",031-215-9492
1017,goobne,광교1호점,경기도,용인시,"경기도 용인시 수지구  광교마을로 41,  신대프라자 1층 102호",031-217-9492
1018,goobne,"관교,구월2호점",인천광역시,남동구,"인천광역시 남동구  인주대로 524,  가동 1층 일부호(구월동)",032-424-9295
1019,goobne,과천1호점,경기도,과천시,"경기도 과천시  별양로 12, 레미안슈르A상가 1011호",02-503-9294
1020,goobne,공주중동점,충청남도,공주시,"충청남도 공주시  가구점길 3, 1층",041-853-9294
1021,goobne,공주신관점,충청남도,공주시,"충청남도 공주시  흑수골길 48, 1층",041-854-9294
1022,goobne,공릉2동점,서울특별시,노원구,"서울특별시 노원구  노원로 62, 101호",02-949-9294
1023,goobne,"공릉1,3동점",서울특별시,노원구,서울특별시 노원구 공릉동 573-20,02-978-2070
1024,goobne,공도2호점,경기도,안성시,경기도 안성시 공도읍 만정리 814-1,031-691-9294
1025,goobne,공덕점,서울특별시,마포구,"서울특별시 마포구  만리재로 74,  삼성레미안 상가1동 111호",02-716-9292
1026,goobne,곤지암점,경기도,광주시,경기도 광주시 곤지암읍 평촌길 60,031-798-9294
1027,goobne,곡성점,전라남도,곡성군,전라남도 곡성군 곡성읍 읍내리 250-8,061-362-9286
1028,goobne,곡반정점,경기도,수원시,"경기도 수원시 권선구  동수원로146번길 98, 1층 101호",031-232-7892
1029,goobne,고흥읍점,전라남도,고흥군,전라남도 고흥군 고흥읍 봉황길 32-1,061-834-9494
1030,goobne,고흥녹동점,전라남도,고흥군,전라남도 고흥군 도양읍 녹동남촌1길 24-1,061-842-9494
1031,goobne,고한사북점,강원도,정선군,강원도 정선군 사북읍 중앙로 68번지,033-591-9477
1032,goobne,고촌점,경기도,김포시,"경기도 김포시 고촌읍 장차로 46, 1층 102호(미렌빌)",031-985-9492
1033,goobne,고척2동점,서울특별시,구로구,"서울특별시 구로구  고척로 184,  1층(고척동)",02-2688-9477
1034,goobne,고창점,전라북도,고창군,전라북도 고창군 고창읍 월곡공원1길 18,063-562-9599
1035,goobne,고양화정2동점,경기도,고양시,경기도 고양시 덕양구 성신로 10 101(화정동),031-973-9294
1036,goobne,고성천진점,강원도,,강원도  고성군  토성면  토성로 145,033-633-5989
1037,goobne,고성간성점,강원도,고성군,강원도 고성군 간성읍 간성로 67,033-682-5292
1038,goobne,고산2동점,대구광역시,수성구,"대구광역시 수성구  알파시티2로3길 54, 1층",053-791-9292
1039,goobne,고덕하늘채점,경기도,평택시,"경기도 평택시 고덕면 효덕새싹길 64, 1층",031-664-5441
1040,goobne,고덕국제점,경기도,평택시,"경기도 평택시 고덕면 고덕국제3길 22, 1층",031-662-9294
1041,goobne,"고덕1,2동점",서울특별시,강동구,서울특별시 강동구  상일로 161,02-3426-9282
1042,goobne,고강점,경기도,부천시,"경기도 부천시  원종로 106, 101호(고강동)",032-679-9295
1043,goobne,계산1동점,인천광역시,,"인천광역시  계양구   계양대로 188, 1층 107호",032-553-9294
1044,goobne,계룡점,충청남도,계룡시,충청남도 계룡시  금암로 155-11,042-551-9494
1045,goobne,경화태백점,경상남도,창원시,경상남도 창원시 진해구 중초로 37,055-547-8595
1046,goobne,경주황성금장점,경상북도,경주시,경상북도 경주시  용담로116번길 7,054-771-9294/054-772-9294
1047,goobne,경주보문점,경상북도,경주시,"경상북도 경주시  보문로 402-31,106호",
1048,goobne,경산하양점,경상북도,경산시,경상북도 경산시 하양읍 하양역길 18,053-852-9222
1049,goobne,경산진량점,경상북도,경산시,경상북도 경산시 진량읍 낙산길22-1,053-851-9499
1050,goobne,경북청송점,경상북도,청송군,경상북도 청송군 청송읍 중앙로 236,054-873-9492
1051,goobne,경북청도점,경상북도,청도군,경상북도 청도군 청도읍 청화로 103,054-373-8294
1052,goobne,경북의성점,경상북도,의성군,경상북도 의성군 의성읍 중앙길 59,054-834-9492
1053,goobne,경북울진점,경상북도,울진군,경상북도 울진군 울진읍 울진중앙로 186-4,054-781-8787
1054,goobne,경북영주점,경상북도,영주시,경상북도 영주시  구성로324 (하망동 549-5) 1층,054-638-9492
1055,goobne,경북성주점,경상북도,성주군,경상북도 성주군 성주읍 성주순환로162,054-931-9294
1056,goobne,경북석적점,경상북도,칠곡군,경상북도 칠곡군 석적읍 석적로 954,054-977-9494
1057,goobne,경북상주점,경상북도,상주시,경상북도 상주시 삼백로 120(서문동 84-2),054-536-8294
1058,goobne,경북문경점,경상북도,문경시,경상북도 문경시  반쟁이3길9,054-556-9492
1059,goobne,경북도청신도시점,경상북도,예천군,"경상북도 예천군 호명면 행복로 230, 상가 110호 (우방아이유쉘2차)",054-652-9294
1060,goobne,경복궁점,서울특별시,종로구,서울특별시 종로구  사직로114. 1층,02-722-9492
1061,goobne,경남합천점,경상남도,합천군,경상남도 합천군 합천읍 합천리 충효로 4길 10,055-932-1212
1062,goobne,경남함양점,경남,함양군,"경남 함양군 함양읍 교산길 2, 1층",055-962-8292
1063,goobne,경남하동점,경상남도,하동군,경상남도 하동군 하동읍 경서대로 106,055-882-7999
1064,goobne,경남사천점,경상남도,사천시,경상남도 사천시 사천읍 사주리 90-15,055-853-8392
1065,goobne,경남밀양점,경상남도,밀양시,경상남도 밀양시  밀양대로 1770-1 (삼문동),055-356-8668
1066,goobne,경남남해점,경상남도,남해군,경상남도 남해군 남해읍 화전로 78번길 11,055-862-9290
1067,goobne,경남고성점,경상남도,고성군,경상남도 고성군 고성읍 중앙로15번길 8,055-673-8294
1068,goobne,경기고양점,경기도,고양시,경기도 고양시 덕양구  읍내로 83-7,031-964-9279/031-452-9289
1069,goobne,검암지구점,인천광역시,서구,인천광역시 서구   승학로 587,032-568-9492
1070,goobne,거창점,경상남도,거창군,경상남도 거창군 거창읍 공수들7길 20,055-943-8294
1071,goobne,거제중곡점,경상남도,거제시,"경상남도 거제시  해명로4길 8, 엘리유리안2차 아파트 상가 106호",055-637-0787/055-637-8607
1072,goobne,거제장평점,경상남도,거제시,경상남도 거제시  장평동 1198-2,055-633-2727
1073,goobne,거제장승포점,경상남도,거제시,"경상남도 거제시  능포로4길 5, 107호",055-682-3838
1074,goobne,거제옥포점,경상남도,거제시,경상남도 거제시  옥포중앙로 87-1,055-687-7262
1075,goobne,거제연초점,경상남도,거제시,경상남도 거제시  거제북로 48,055-636-9296
1076,goobne,거제아주점,경상남도,거제시,경상남도 거제시  아주1로 112,055-681-9269
1077,goobne,거제상문점,경상남도,거제시,경상남도 거제시  거제중앙로 1557,055-632-9294
1078,goobne,거제사등점,경상남도,거제시,"경상남도 거제시 사등면 두동로 44, 1층",055-636-9492
1079,goobne,거제고현점,경상남도,거제시,경상남도 거제시  거제중앙로5길 28 -1,055-636-8100
1080,goobne,거여역점,서울특별시,송파구,서울특별시 송파구 오금로 484,02-408-9294
1081,goobne,거모점,경기도,시흥시,경기도 시흥시 도일로 143(거모동),031-494-9255
1082,goobne,개포4동점,서울특별시,강남구,"서울특별시 강남구 개포동 개포로20길 32, 1층",02-577-8294
1083,goobne,개포2동점,서울특별시,강남구,"서울특별시 강남구   선릉로12길 5, 102-나호",02-576-9294
1084,goobne,개운점,강원도,원주시,강원도 원주시  행구로 57,033-762-9492
1085,goobne,개봉역점,서울특별시,구로구,"서울특별시 구로구  개봉로34-1,1층(개봉동)",02-2060-0113
1086,goobne,"개금1,2동점",부산광역시,부산진구,부산광역시 부산진구  냉정로 188 1층 (개금동),051-944-4567
1087,goobne,강화점,인천광역시,강화군,인천광역시 강화군 강화읍 강화대로 199,032-934-5581
1088,goobne,강저지구점,충청북도,제천시,충청북도 제천시 영천동 2209,043-646-9294
1089,goobne,강원횡성점,강원도,횡성군,강원도 횡성군 횡성읍 북천리115-52,033-342-9294
1090,goobne,강릉홍제내곡점,강원도,강릉시,강원도 강릉시  남산초교길 12번길 16,033-655-9582
1091,goobne,강릉포남점,강원도,강릉시,강원도 강릉시  강릉대로 457번길 25,033-655-9293
1092,goobne,강릉택지점,강원도,강릉시,강원도 강릉시 율곡초교길43번길 17 (교동),033-641-6995
1093,goobne,강릉유천점,강원도,강릉시,"강원도 강릉시  선수촌로 79-7, 101호(홍제동)",033-641-1092
1094,goobne,강릉성덕점,강원도,강릉시,강원도 강릉시 입암동 498-12,033-642-1633
1095,goobne,강남세곡점,서울특별시,강남구,"서울특별시 강남구  밤고개로 227, 지상1층 105호,106호",02-6952-7494
1096,goobne,감정점,경기도,김포시,"경기도 김포시  북변1로 36, 106호",031-981-9294
1097,goobne,감일지구점,경기도,하남시,"경기도 하남시  감일백제로 89,  1층 101호(감이동, 성준프라자)",02-477-9294
1098,goobne,갈현2동점,서울특별시,은평구,서울특별시 은평구 갈현2동 506-33번지,02-356-9495
1099,goobne,갈매점,경기도,구리시,경기도 구리시 갈매동 538,031-572-9485
1100,goobne,갈말점,강원도,철원군,강원도 철원군 갈말읍 명성로139번길 13-22,033-452-9542
1101,goobne,간석점,인천광역시,남동구,인천광역시 남동구  경인로 602 1층 일부호 (간석동),032-428-9492
1102,goobne,가평점,경기도,가평군,경기도 가평군 가평읍 오리나무길 41-15,031-581-9288
1103,goobne,가평글램핑점,경기도,가평군,경기도 가평군  가평읍  북한강변로 272-1,031-582-9492
1104,goobne,가좌1호점,인천광역시,서구,인천광역시 서구 가좌동 7번지,032-574-9288
1105,goobne,가정점,인천광역시,서구,"인천광역시 서구 염곡로498번안길 11-1, 1층 일부(가정동)",032-568-9294
1106,goobne,가양점,서울특별시,강서구,서울특별시 강서구 가양동 1479-3번지 1층 104호,02-3665-9949
1107,goobne,가산점,서울특별시,금천구,서울특별시 금천구 가산동 149-13,02-869-9294
1108,goobne,가락본동점,서울특별시,송파구,서울특별시 송파구  송파대로30길 41-34,02-431-9492
1109,goobne,가곡수동점,경기도,남양주시,경기도 남양주시 수동면 비룡로 716,031-595-9294
